"","Director_Name"
"1","D.J. 카루소"
"2","D.R. 후드"
"3","E. 엘리아스 메리지"
"4","F. 게리 그레이"
"5","J. 마키에 그러버"
"6","J.C 챈더"
"7","J.J. 에이브럼스"
"8","J.S 베어드"
"9","J.T. 페티"
"10","K. 애셔 레빈"
"11","M. 나이트 샤말란"
"12","M.L. 반데바노프 데바쿤"
"13","N.C. 하이킨"
"14","P.J. 페스"
"15","P.J. 페티에트"
"16","P.J. 호건"
"17","R. 엘리스 프레이저"
"18","R.J. 커들러"
"19","S. 샹카르"
"20","가네다 오사무"
"21","가렛 에드워즈"
"22","가렛 에반스"
"23","가버 추보"
"24","가브리엘 레인지"
"25","가브리엘 무치노"
"26","가브리엘 살바토레"
"27","가브리엘라 타글리아비니"
"28","가스 제닝스"
"29","가와세 나오미"
"30","가우리 신드"
"31","가이 리치"
"32","가이 퍼랜드"
"33","가이하라 크리스 료"
"34","가타오카 슈지"
"35","가토 쿠미코"
"36","강건향"
"37","강경훈"
"38","강대규"
"39","강문"
"40","강미자"
"41","강석범"
"42","강석필"
"43","강성룡"
"44","강성옥"
"45","강세진"
"46","강우석"
"47","강이관"
"48","강제규"
"49","강지은"
"50","강진아"
"51","강철우"
"52","강태원"
"53","강형철"
"54","강호준"
"55","강효진"
"56","개리 맥켄드리"
"57","개빈 오코너"
"58","개빈 후드"
"59","거나 칼슨"
"60","게레온 베첼"
"61","게리 레논"
"62","게리 로스"
"63","게리 마샬"
"64","게리 위닉"
"65","게리 존스"
"66","게리 채프먼"
"67","게리 플레더"
"68","게리 할버슨"
"69","게리예이츠"
"70","게일린 프레스턴"
"71","겐디 타르타코프스키"
"72","겔라 바블루아니"
"73","경석호"
"74","경순"
"75","계윤식"
"76","고경아"
"77","고군서"
"78","고달우"
"79","고락중"
"80","고레에다 히로카즈"
"81","고먼 베차드"
"82","고명안"
"83","고바야시 다케시"
"84","고바야시 코지"
"85","고병권"
"86","고석진"
"87","고어 버빈스키"
"88","고은기"
"89","고이즈미 타카시"
"90","고태정"
"91","고토 다이스케"
"92","고효송"
"93","곡덕소"
"94","곤 사토시"
"95","곤도 요시후미"
"96","곤잘로 로페즈 갈레고"
"97","골람 레자 라메자니"
"98","공귀현"
"99","공수창"
"100","공자관"
"101","공정식"
"102","곽경택"
"103","곽기원"
"104","곽요량"
"105","곽인근"
"106","곽자건"
"107","곽재용"
"108","곽지균"
"109","괴르쯔 스필레만"
"110","교우야 타다시"
"111","구 안 호"
"112","구로사와 기요시"
"113","구모"
"114","구미정"
"115","구봉회"
"116","구상범"
"117","구성주"
"118","구수환"
"119","구스 반 산트"
"120","구스타보 두다멜"
"121","구스타보 론"
"122","구스타보 지아니니"
"123","구스타보 타레토"
"124","구스타보 헤르난데즈"
"125","구스타프 도이치"
"126","구아타보 니에토 로아"
"127","구예도"
"128","구자홍"
"129","구파도"
"130","구혜선"
"131","국동석"
"132","권남기"
"133","권미정"
"134","권상준"
"135","권성국"
"136","권수경"
"137","권영락"
"138","권영철"
"139","권오성"
"140","권용국"
"141","권우정"
"142","권우탁"
"143","권재웅"
"144","권종관"
"145","권지연"
"146","권칠인"
"147","권혁재"
"148","권형진"
"149","권호영"
"150","권효"
"151","그랜트 헤스로브"
"152","그레고 조단"
"153","그레고르 쉬니츠러"
"154","그레고리 다크"
"155","그레고리 호블릿"
"156","그레그 마크스"
"157","그레그 스트라우스"
"158","그레니오 봉데"
"159","그레이엄 빅"
"160","그렉 마크스"
"161","그렉 맥린"
"162","그렉 모톨라"
"163","그렉 스트로즈"
"164","그렉 티어난"
"165","그렉 티어넌"
"166","그렉 헤일"
"167","그리프 퍼스트"
"168","그리핀 던"
"169","그린 유진"
"170","글렌 레이번"
"171","글렌 맥퀘이드"
"172","글렌 모건"
"173","글렌 피카라"
"174","기시타니 고로"
"175","기옘 모랄레스"
"176","기욤 갈리엔"
"177","기욤 까네"
"178","기욤 니클루"
"179","기욤 이베르넬"
"180","기타노 다케시"
"181","기타무라 류헤이"
"182","길 정거"
"183","길 키넌"
"184","길예르모 델 토로"
"185","김건"
"186","김경만"
"187","김경묵"
"188","김경식"
"189","김경형"
"190","김곡"
"191","김관철"
"192","김광식"
"193","김광호"
"194","김규민"
"195","김기덕"
"196","김기현"
"197","김기훈"
"198","김길형"
"199","김꽃비"
"200","김달중"
"201","김대승"
"202","김대우"
"203","김대현"
"204","김덕철"
"205","김도경"
"206","김도혁"
"207","김도현"
"208","김동빈"
"209","김동욱"
"210","김동원"
"211","김동주"
"212","김동현"
"213","김동호"
"214","김두영"
"215","김두헌"
"216","김명균"
"217","김명서"
"218","김명준"
"219","김모모"
"220","김무삼"
"221","김문옥"
"222","김문흠"
"223","김미정"
"224","김민석"
"225","김민숙"
"226","김병곤"
"227","김병서"
"228","김병우"
"229","김병준"
"230","김봉곤"
"231","김봉은"
"232","김봉한"
"233","김삼력"
"234","김상만"
"235","김상석"
"236","김상우"
"237","김상진"
"238","김상찬"
"239","김상철"
"240","김상화"
"241","김석우"
"242","김석윤"
"243","김석정"
"244","김선"
"245","김선아"
"246","김성균"
"247","김성수"
"248","김성욱"
"249","김성준"
"250","김성중"
"251","김성호"
"252","김성홍"
"253","김성훈"
"254","김성희"
"255","김소영"
"256","김수현"
"257","김승현"
"258","김아론"
"259","김영근"
"260","김영남"
"261","김영로"
"262","김영준"
"263","김영진"
"264","김영탁"
"265","김용균"
"266","김용완"
"267","김용한"
"268","김용화"
"269","김운기"
"270","김유성"
"271","김유정"
"272","김유진"
"273","김윤철"
"274","김은경"
"275","김은숙"
"276","김은주"
"277","김응수"
"278","김익로"
"279","김인규"
"280","김인식"
"281","김일란"
"282","김일현"
"283","김재수"
"284","김재영"
"285","김재환"
"286","김정"
"287","김정권"
"288","김정민"
"289","김정우"
"290","김정욱"
"291","김정중"
"292","김정호"
"293","김정환"
"294","김정훈"
"295","김제영"
"296","김조광수"
"297","김종관"
"298","김종일"
"299","김종진"
"300","김종철"
"301","김종현"
"302","김주호"
"303","김주환"
"304","김준"
"305","김준권"
"306","김준호"
"307","김중현"
"308","김지곤"
"309","김지영"
"310","김지용"
"311","김지운"
"312","김지환"
"313","김지훈"
"314","김진만"
"315","김진무"
"316","김진민"
"317","김진성"
"318","김진아"
"319","김진영"
"320","김진희"
"321","김창래"
"322","김창만"
"323","김철한"
"324","김청기"
"325","김춘찬"
"326","김태경"
"327","김태곤"
"328","김태균"
"329","김태식"
"330","김태용"
"331","김태윤"
"332","김태은"
"333","김태익"
"334","김태일"
"335","김태희"
"336","김한민"
"337","김해곤"
"338","김혁"
"339","김현석"
"340","김현수"
"341","김현철"
"342","김현필"
"343","김형렬"
"344","김형주"
"345","김형준"
"346","김형진"
"347","김혜정"
"348","김호정"
"349","김호준"
"350","김홍선"
"351","김홍익"
"352","김회근"
"353","김효정"
"354","김휘"
"355","김희정"
"356","까뜨린느 꼬르시니"
"357","까롤리네 링크"
"358","까트린느 브레이야"
"359","끌로드 밀러"
"360","나가미네 마사토시"
"361","나가미네 타츠야"
"362","나가사키 슌이치"
"363","나가에 도시가즈"
"364","나가오 나오키"
"365","나가이 타츠유키"
"366","나가이시 다카오"
"367","나가타 코토"
"368","나데니 엘 매릴"
"369","나딘 라바키"
"370","나빌 아유쉬"
"371","나수요"
"372","나영창"
"373","나오미 포너"
"374","나이젤 콜"
"375","나이토 에이스케"
"376","나지량"
"377","나초 G. 베일라"
"378","나초 세르다"
"379","나카노 히로유키"
"380","나카마치 사쿠"
"381","나카무라 다카유키"
"382","나카무라 료스케"
"383","나카무라 마코토"
"384","나카무라 요시히로"
"385","나카무라 카즈에"
"386","나카시마 테츠야"
"387","나카오 타카오"
"388","나카타 히데오"
"389","나카하라 슌"
"390","나탈리 포트만"
"391","나홍진"
"392","난니 모레티"
"393","남기남"
"394","남기웅"
"395","남다정"
"396","남무성"
"397","남상국"
"398","남선호"
"399","남택수"
"400","낸시 마이어스"
"401","낸시 사보카"
"402","낸시 플로렌스 사바드"
"403","네기시 키치타로"
"404","네이슨 그레노"
"405","네즈미센 파이"
"406","넬슨 신"
"407","노경태"
"408","노덕"
"409","노동석"
"410","노라 에프론"
"411","노무라 카즈야"
"412","노성수"
"413","노아 바움백"
"414","노암 머로"
"415","노에미 르보브스키"
"416","노영석"
"417","노진수"
"418","노폰 와틴"
"419","노홍진"
"420","노효두"
"421","누리 빌제 세일란"
"422","니나가와 미카"
"423","니르 패니리"
"424","니샤 가나트라"
"425","니쉬칸트 카마트"
"426","니시무라 료"
"427","니시카와 미와"
"428","니시타니 히로시"
"429","니아 발다로스"
"430","니올 존슨"
"431","니자토 다케루"
"432","니콜 홀로프세너"
"433","니콜라 바니에"
"434","니콜라스 로페즈"
"435","니콜라스 맥카시"
"436","니콜라스 베리"
"437","니콜라스 스톨러"
"438","니콜라스 윈딩 레픈"
"439","니콜라스 자렉키"
"440","니콜라스 자세노벡"
"441","니콜라스 패클러"
"442","니콜라스 하이트너"
"443","니콜라이 뮬러숀"
"444","니콜라이 아르셀"
"445","니키 카로"
"446","닉 거스"
"447","닉 라이온"
"448","닉 러브"
"449","닉 머피"
"450","닉 스트링거"
"451","닉 어거스트 페르나"
"452","닉 오머로드"
"453","닉 카사베츠"
"454","닉 톰네이"
"455","닉 파크"
"456","닉 햄"
"457","닉 허랜"
"458","닉힐 아드바니"
"459","닐 나이팅게일"
"460","닐 마샬"
"461","닐 버거"
"462","닐 블롬캠프"
"463","닐 암필드"
"464","닐 조단"
"465","닐스 뮬러"
"466","닐스 아르덴 오플레브"
"467","님로드 안탈"
"468","닝 하오"
"469","다구르 카리"
"470","다나 아담 샤피로"
"471","다니스 타노비치"
"472","다니아 파스퀴니"
"473","다니엘 고든"
"474","다니엘 그로우"
"475","다니엘 드 필립포"
"476","다니엘 미릭"
"477","다니엘 바렌보임"
"478","다니엘 반즈"
"479","다니엘 벤마요"
"480","다니엘 스탬"
"481","다니엘 시아"
"482","다니엘 아르비드"
"483","다니엘 알프레드슨"
"484","다니엘 에스피노사"
"485","다니엘 워터스"
"486","다니엘 칼파소로"
"487","다니엘 코헨"
"488","다니엘라 페허만"
"489","다니엘레 비카리"
"490","다니엘르 톰슨"
"491","다리오 아르젠토"
"492","다무라 다카유키"
"493","다비드 마렝고"
"494","다비드 알로"
"495","다비드 코카"
"496","다비드 페라리오"
"497","다비드 포앙키노스"
"498","다이스케 아먀구치"
"499","다이앤 잉글리쉬"
"500","다인 사이드"
"501","다카하타 이사오"
"502","다카하타 히데타"
"503","다케호라 데츠야"
"504","다코 룬구로브"
"505","담가명"
"506","당계례"
"507","대니 보일"
"508","대니 캐넌"
"509","대니 팽"
"510","대니얼 고든"
"511","대런 린 보우즈만"
"512","대런 아로노프스키"
"513","대런 아르노프스키"
"514","댄 가르시아"
"515","댄 러쉬"
"516","댄 마저"
"517","댄 스캔론"
"518","댄 크레치"
"519","더 비셔우스 브라더스"
"520","더그 라이만"
"521","더그 레플러"
"522","더글라스 맥그래스"
"523","더글러스 아니오코스키"
"524","더글러스 엘포드-아젠트"
"525","더스틴 리커트"
"526","더스틴 응유엔"
"527","더스틴 호프만"
"528","던칸 존스"
"529","던컨 워드"
"530","던컨 터커"
"531","데니스 간젤"
"532","데니스 듀간"
"533","데니스 일리아디스"
"534","데니스 체르노프"
"535","데니스 토도로빅"
"536","데렉 시앤프랭스"
"537","데릭 W. 헤이즈"
"538","데릭 마티니"
"539","데릭 보트"
"540","데릭 브룸"
"541","데미안 코졸레"
"542","데보라 워너"
"543","데브라 그래닉"
"544","데비 아이싯"
"545","데빈 맥긴"
"546","데스 맥가너프"
"547","데이브 메이어스"
"548","데이브 보스윅"
"549","데이브 필로니"
"550","데이비드 J. 버크"
"551","데이비드 R. 엘리스"
"552","데이비드 구겐하임"
"553","데이비드 데닌"
"554","데이비드 듀코브니"
"555","데이비드 라샤펠"
"556","데이비드 레프"
"557","데이비드 마코니"
"558","데이비드 맥비카"
"559","데이비드 멕비카"
"560","데이비드 보"
"561","데이비드 비스바노"
"562","데이비드 알덴"
"563","데이비드 에이어"
"564","데이비드 엘리스코"
"565","데이비스 구겐하임"
"566","데이빗 A. 암스트롱"
"567","데이빗 M. 로젠탈"
"568","데이빗 O. 러셀"
"569","데이빗 S. 고이어"
"570","데이빗 겔브"
"571","데이빗 고든 그린"
"572","데이빗 돕킨"
"573","데이빗 린치"
"574","데이빗 마멧"
"575","데이빗 맥킨지"
"576","데이빗 멘케스"
"577","데이빗 모로"
"578","데이빗 미코드"
"579","데이빗 바렛"
"580","데이빗 보워스"
"581","데이빗 브룩크너"
"582","데이빗 소렌"
"583","데이빗 슬레이드"
"584","데이빗 시겔"
"585","데이빗 실버맨"
"586","데이빗 엘리슨"
"587","데이빗 예이츠"
"588","데이빗 제이콥슨"
"589","데이빗 주커"
"590","데이빗 크렌츠"
"591","데이빗 크로넨버그"
"592","데이빗 키팅"
"593","데이빗 토히"
"594","데이빗 프랭클"
"595","데이빗 핀처"
"596","데이빗 해클"
"597","데이빗 홀랜더"
"598","데이빗 힉슨"
"599","데이얀 엉"
"600","데클란 도넬란"
"601","데틀레프 북"
"602","덱스터 플레처"
"603","뎁 헤이갠"
"604","도걸"
"605","도날드 페트리"
"606","도널드 페트리"
"607","도리스 도리"
"608","도미니크 몰"
"609","도미니크 몽페리"
"610","도미니크 아벨"
"611","도미닉 세나"
"612","도이 노부히로"
"613","도창훈"
"614","돈 로이 킹"
"615","돈 맥켈러"
"616","돈 코스카렐리"
"617","두기봉"
"618","듀안 아들러"
"619","드니 데르쿠르"
"620","드니 빌뇌브"
"621","드류 고다드"
"622","드류 베리모어"
"623","드와이트 H. 리틀"
"624","드자멜 벤살라"
"625","등화도"
"626","디데릭 에빙어"
"627","디아블로 코디"
"628","디안트 베르트랑"
"629","디토 몬티엘"
"630","디파 메타"
"631","딘 데블로이스"
"632","딘 패리소트"
"633","딜런 키드"
"634","딩성"
"635","라나 워쇼스키"
"636","라두 미하일라누"
"637","라디오 사일런스"
"638","라리사 콘드랙키"
"639","라몬 드 에스파냐"
"640","라브 디아즈"
"641","라샤네 림트라쿨"
"642","라세 할스트롬"
"643","라스 폰 트리에"
"644","라스무스 A. 실버르센"
"645","라시드 부샤렙"
"646","라요스 콜타이"
"647","라우로 차트랜드"
"648","라울 W. 하임리히"
"649","라울 가르시아"
"650","라울 루이즈"
"651","라이 루소 영"
"652","라이너 호프만"
"653","라이언 리틀"
"654","라이언 머피"
"655","라이언 오넌"
"656","라이언 존슨"
"657","라이언 쿠글러"
"658","라인하드 클루스"
"659","라인하르트 클루스"
"660","라자 고스넬"
"661","라잔 코사"
"662","라즈코 그릭"
"663","라즈쿠마르 히라니"
"664","라파 라라"
"665","라희찬"
"666","랄프 에터"
"667","랄프 파인즈"
"668","랄프 후에트너"
"669","래리 리긴스"
"670","래리 비숍"
"671","래리 워쇼스키"
"672","래리 찰스"
"673","랜달 월러스"
"674","랜달 크레이저"
"675","랜덜 밀러"
"676","랜디 바바토"
"677","랜스 데일리"
"678","램 리"
"679","러먼 휘"
"680","러셀 멀케이"
"681","렁록만"
"682","레 탄 선"
"683","레나르드 프리츠 크라빙켈"
"684","레니 에이브러햄슨"
"685","레니 할린"
"686","레미 베잔송"
"687","레반 바키아"
"688","레베카 밀러"
"689","레베카 즐로토브스키"
"690","레스테 첸"
"691","레슬리 그리프"
"692","레오 까락스"
"693","레오 로"
"694","레온 주센"
"695","레옹 포치"
"696","레이노앗 오얼레만스"
"697","레이먼드 후버"
"698","레이몽 드파르동"
"699","레이븐 그레고리"
"700","레이첼 골드버그"
"701","레지스 르왕사르"
"702","렌 와이즈먼"
"703","렌조 마르티넬리"
"704","로닌 톰슨"
"705","로드 루리"
"706","로드리고 가르시아"
"707","로드리고 코르테스"
"708","로라 가르시아"
"709","로라 가버트"
"710","로라 라우"
"711","로랑 브왈로"
"712","로랑 캉테"
"713","로랑 코티오드"
"714","로랑 티라르"
"715","로랑 펠리"
"716","로레인 레비"
"717","로렌 스카파리아"
"718","로렌스 던 모어"
"719","로렌스 코너"
"720","로렌트 투엘"
"721","로르 샤르팡티에"
"722","로만 폴란스키"
"723","로버츠 개너웨이"
"724","로버트 B. 웨이드"
"725","로버트 드니로"
"726","로버트 레드포드"
"727","로버트 로드리게즈"
"728","로버트 로렌즈"
"729","로버트 루게틱"
"730","로버트 루케틱"
"731","로버트 리버맨"
"732","로버트 벤 가랜트"
"733","로버트 벤튼"
"734","로버트 세이에"
"735","로버트 쉬록크"
"736","로버트 슈벤트케"
"737","로버트 스트롬버그"
"738","로버트 스티븐헤이겐"
"739","로버트 알드리치"
"740","로버트 알트만"
"741","로버트 워커"
"742","로버트 이스코브"
"743","로버트 제멕키스"
"744","로버트 커비슨"
"745","로버트 크롬비"
"746","로버트 파리기"
"747","로버트 포스터"
"748","로버트 풀치니"
"749","로베르 르빠쥬"
"750","로베르토 베니니"
"751","로베르토 안도"
"752","로베르트 르빠쥬"
"753","로베르트 슈벤트케"
"754","로빈슨 드버"
"755","로스 카우프만"
"756","로슨 마샬 터버"
"757","로우 예"
"758","로잔나 아퀘트"
"759","로저 도널드슨"
"760","로저 미첼"
"761","로저 스포티스우드"
"762","로저 애버리"
"763","로저 앨러스"
"764","로저 컴블"
"765","로저 크리스찬"
"766","로저 호킨스"
"767","로젤린 보쉬"
"768","로코 데빌리어스"
"769","로코 파팔레오"
"770","론 쉐르픽"
"771","론 스캘펠로"
"772","론 클레멘츠"
"773","론 하워드"
"774","롤랑 조페"
"775","롤랜드 에머리히"
"776","롤프 슈벨"
"777","롭 라이너"
"778","롭 레터맨"
"779","롭 마샬"
"780","롭 민코프"
"781","롭 보우먼"
"782","롭 엡스타인"
"783","롭 좀비"
"784","롭 코헨"
"785","루 비질"
"786","루 추안"
"787","루나 루나슨"
"788","루시 워커"
"789","루시아 푸엔조"
"790","루시앙 포스트너"
"791","루시우스 C. 쿠에트"
"792","루이 말"
"793","루이 시호요스"
"794","루이스 리테리어"
"795","루이스 만도키"
"796","루이스 푸엔조"
"797","루이스 프리에토"
"798","루카 구아다그니노"
"799","루카 미니에로"
"800","루크 그린필드"
"801","루크 본디"
"802","루퍼스 노리스"
"803","루퍼트 브라이언"
"804","루퍼트 샌더스"
"805","루퍼트 와이어트"
"806","뤽 다르덴"
"807","뤽 디온느"
"808","뤽 베송"
"809","뤽 자케"
"810","류스케 하마구치"
"811","류승완"
"812","류승진"
"813","류신의"
"814","류장하"
"815","류지나"
"816","류형기"
"817","류훈"
"818","르네 망조르"
"819","르네 페레"
"820","리 다니엘스"
"821","리 스턴탈"
"822","리 운크리치"
"823","리 위"
"824","리 잉"
"825","리 타마호리"
"826","리 토시오"
"827","리노드 바렛"
"828","리들리 스콧"
"829","리사 니에미"
"830","리사 바로스 드사"
"831","리사 아주엘로스"
"832","리사 오린"
"833","리사 촐로덴코"
"834","리샤르 베리"
"835","리안 존슨"
"836","리온 포드"
"837","리자 랑세트"
"838","리즈 애덤스"
"839","리즈 프리들랜더"
"840","리차드 도너"
"841","리차드 라그라브네스"
"842","리차드 론크레인"
"843","리차드 링클레이터"
"844","리차드 브룩스"
"845","리차드 쉔크만"
"846","리차드 이어"
"847","리차드 커티스"
"848","리처드 J. 루이스"
"849","리처드 아요데"
"850","리처드 이어"
"851","리처드 켈리"
"852","리치 무어"
"853","리카르도 라몬"
"854","리카르도 밀라니"
"855","리카르도 샤이"
"856","리테쉬 바트라"
"857","릭 로만 워프"
"858","릭 비버"
"859","릭 자코브슨"
"860","린 램지"
"861","린 쉘튼"
"862","린 유시엔"
"863","린 타로"
"864","릴리아나 카바니"
"865","마가레테 폰 트로타"
"866","마거리트 어바우트"
"867","마누엘 데 올리베이라"
"868","마누엘 시실라"
"869","마누엘 시실리아"
"870","마누엘 카르발로"
"871","마렉 카니브스카"
"872","마르끄 피투시"
"873","마르셀 랭겐거"
"874","마르셀로 발디"
"875","마르신 크르즈스탈로윅스"
"876","마르잔 사트라피"
"877","마르코 벨로치오"
"878","마르코 아르투로 마렐리"
"879","마르코 크레즈페인트너"
"880","마르코스 마르티네즈"
"881","마르코스 번스테인"
"882","마르코스 에프론"
"883","마르쿠스 로젠뮐러"
"884","마르크 로테문트"
"885","마르탱 프로보스트"
"886","마르틴 바르네비츠"
"887","마르틴 스미스"
"888","마를렌 고리스"
"889","마리아 린드버그"
"890","마리아 매겐티"
"891","마리아 슈라더"
"892","마리아 슈토트마이어"
"893","마리아나 체닐로"
"894","마리오 바바"
"895","마리우스 발커나스"
"896","마리우스 프티파"
"897","마미 스나다"
"898","마브룩 엘 메크리"
"899","마사 쿨리지"
"900","마샤 홈즈"
"901","마샤유키"
"902","마스모토 쇼이치로"
"903","마스이 소이치"
"904","마시 태지딘"
"905","마에노 토모야"
"906","마에다 시로"
"907","마에다 켄지"
"908","마에다 테츠"
"909","마우고시카 슈모프스카"
"910","마이크 건서"
"911","마이크 뉴웰"
"912","마이크 니콜스"
"913","마이크 디사"
"914","마이크 리"
"915","마이크 마르주크"
"916","마이크 마우루스"
"917","마이크 매깃슨"
"918","마이크 맥코이"
"919","마이크 멘데즈"
"920","마이크 미첼"
"921","마이크 밀즈"
"922","마이크 바인더"
"923","마이크 베이커"
"924","마이크 보난노"
"925","마이크 존슨"
"926","마이크 트메이어"
"927","마이크 플래너건"
"928","마이크 피기스"
"929","마이클 A. 니클즈"
"930","마이클 J. 갤러거"
"931","마이클 J.버세트"
"932","마이클 강"
"933","마이클 건톤"
"934","마이클 그랑디지"
"935","마이클 노울즈"
"936","마이클 데이비스"
"937","마이클 라이트"
"938","마이클 래드포드"
"939","마이클 레만"
"940","마이클 만"
"941","마이클 매너세리"
"942","마이클 맥고완"
"943","마이클 메이어"
"944","마이클 무어"
"945","마이클 베이"
"946","마이클 브랜트"
"947","마이클 수치"
"948","마이클 슐츠"
"949","마이클 스피어리그"
"950","마이클 아리아스"
"951","마이클 앱티드"
"952","마이클 오블로위츠"
"953","마이클 윈터바텀"
"954","마이클 이안 블랙"
"955","마이클 카튼-존스"
"956","마이클 캠퍼스"
"957","마이클 코렌트"
"958","마이클 패트릭 킹"
"959","마이클 페이퍼"
"960","마이클 헤그너"
"961","마이클 헤트너"
"962","마이클 호프만"
"963","마이클 호프만 Jr."
"964","마이클 화이트"
"965","마이하라 켄조"
"966","마자 밀로스"
"967","마지드 마지디"
"968","마차 마케이에프"
"969","마초성"
"970","마츠다 아야토"
"971","마츠모토 카나"
"972","마츠오 스즈키"
"973","마츠오카 조지"
"974","마츠우라 마사코"
"975","마츠우라 히로나오"
"976","마츠이 히사코"
"977","마커스 니스펠"
"978","마커스 던스탠"
"979","마커스 아담스"
"980","마커스 애덤스"
"981","마크 A.Z. 디페"
"982","마크 L. 레스터"
"983","마크 S. 워터스"
"984","마크 골드스타인"
"985","마크 네브다인"
"986","마크 네빌딘"
"987","마크 딘달"
"988","마크 러팔로"
"989","마크 레빈"
"990","마크 로렌스"
"991","마크 로마넥"
"992","마크 린필드"
"993","마크 마르티네즈"
"994","마크 만"
"995","마크 미로드"
"996","마크 쉬홀르만"
"997","마크 스티븐 존슨"
"998","마크 앤드류스"
"999","마크 앳킨스"
"1000","마크 얼바움"
"1001","마크 영"
"1002","마크 오스본"
"1003","마크 워터스"
"1004","마크 웹"
"1005","마크 존스"
"1006","마크 쿠오드"
"1007","마크 클라인"
"1008","마크 톤데라이"
"1009","마크 팔란스키"
"1010","마크 펠링톤"
"1011","마크 포스터"
"1012","마크 헬프리치"
"1013","마키하라 료타로"
"1014","마테오 가로네"
"1015","마티유 아말릭"
"1016","마티유 카소비츠"
"1017","마틴 맥도나"
"1018","마틴 스콜세지"
"1019","마틴 집킨스"
"1020","마틴 캠벨"
"1021","마틴 클랩"
"1022","마틴 허버티"
"1023","막심 스베쉬니코브"
"1024","만다 구니토시"
"1025","만스 말린드"
"1026","말릭 벤젠룰"
"1027","말콤 D. 리"
"1028","말콤 벤빌"
"1029","매리 맥귀키언"
"1030","매튜 본"
"1031","매튜 스프라들린"
"1032","매튜 오칼라헌"
"1033","매튜 채프먼"
"1034","매트 코드"
"1035","매트 쿠퍼"
"1036","매트 화이트크로스"
"1037","매티스 반 헤이닌겐 주니어"
"1038","맥스 기와"
"1039","맥스 매닉스"
"1040","맥조휘"
"1041","맥지"
"1042","맥키 앨스톤"
"1043","맷 리브스"
"1044","맷 체코스키"
"1045","맷 톰슨"
"1046","맹관표"
"1047","메건 그리피스"
"1048","메노 메이제스"
"1049","메리 램버트"
"1050","메리 짐머만"
"1051","메이 치오 디마오"
"1052","멘하이 후다"
"1053","멜 깁슨"
"1054","멜라니 로랑"
"1055","멜리사 월렉"
"1056","모간 스퍼록"
"1057","모건 네빌"
"1058","모건 오닐"
"1059","모로타 사토시"
"1060","모리 야스유키"
"1061","모리 준이치"
"1062","모리모토 코지"
"1063","모리시타 코조"
"1064","모리오카 토시유키"
"1065","모리타 요시미츠"
"1066","모리타 히로유키"
"1067","모스타파 사르와르 파루키"
"1068","모우리 요이치"
"1069","모토키 타카시"
"1070","모토히로 카츠유키"
"1071","모튼 틸덤"
"1072","모하마드 아마디"
"1073","모하메드 알 다라지"
"1074","모흐센 마흐말바프"
"1075","몬톤 아라양쿤"
"1076","무라카미 류"
"1077","무라카미 마사노리"
"1078","무라타 마사히코"
"1079","무라타 카즈야"
"1080","무로가 아츠시"
"1081","무쿤다 마이클 드윌"
"1082","무토우 유지"
"1083","문승욱"
"1084","문시현"
"1085","문인대"
"1086","문인수"
"1087","문정현"
"1088","문준"
"1089","문현성"
"1090","미구엘 꾸르트와"
"1091","미구엘 엔젤 비바스"
"1092","미구엘 코한"
"1093","미나모토 타카시"
"1094","미노리카와 오사무"
"1095","미라 네이어"
"1096","미란다 줄라이"
"1097","미란다 줄리"
"1098","미르카 비올라"
"1099","미미 레더"
"1100","미셸 공드리"
"1101","미셸 멀로니"
"1102","미셸 아자나비슈스"
"1103","미셸 오슬로"
"1104","미셸 프랑코"
"1105","미스터 엘"
"1106","미시마 유키코"
"1107","미야노 마사유키"
"1108","미야오 요시카즈"
"1109","미야자키 고로"
"1110","미야자키 하야오"
"1111","미야지 마사유키"
"1112","미야케 류타"
"1113","미이케 다카시"
"1114","미자 모하메드"
"1115","미즈타 노부오"
"1116","미초 루타르"
"1117","미카미 노리히사"
"1118","미카엘 윤"
"1119","미카엘 코헨"
"1120","미카엘 하네케"
"1121","미카엘 하프스트롬"
"1122","미카엘 헤르비그"
"1123","미켈란젤로 안토니오니"
"1124","미켈란젤로 프라마르티노"
"1125","미키 사토시"
"1126","미키 타카히로"
"1127","미타니 코키"
"1128","미하엘 쿠쉬"
"1129","미하엘 페어회벤"
"1130","민규동"
"1131","민동현"
"1132","민두식"
"1133","민백두"
"1134","민병국"
"1135","민병우"
"1136","민병진"
"1137","민병훈"
"1138","민복기"
"1139","민성아"
"1140","민용근"
"1141","민준기"
"1142","민환기"
"1143","밀로스 포만"
"1144","밋첼 릭텐스타인"
"1145","밍크"
"1146","바딤 피얼먼"
"1147","바랫 낼러리"
"1148","바바라 레보비츠"
"1149","바바라 윌리스 스위츠"
"1150","바바라 코플"
"1151","바비 패럴리"
"1152","바실리 시나이스키"
"1153","바이론 하워드"
"1154","바즈 루어만"
"1155","바트 프룬디치"
"1156","바틀렛 쉐어"
"1157","바흐만 고바디"
"1158","박갑종"
"1159","박건용"
"1160","박경희"
"1161","박광수"
"1162","박광우"
"1163","박광춘"
"1164","박광현"
"1165","박규태"
"1166","박규택"
"1167","박기복"
"1168","박기형"
"1169","박대민"
"1170","박대열"
"1171","박대영"
"1172","박돈사"
"1173","박동현"
"1174","박동훈"
"1175","박루슬란"
"1176","박명랑"
"1177","박문칠"
"1178","박미선"
"1179","박배일"
"1180","박범훈"
"1181","박병환"
"1182","박보상"
"1183","박사유"
"1184","박상준"
"1185","박상훈"
"1186","박선욱"
"1187","박성균"
"1188","박성미"
"1189","박성범"
"1190","박성수"
"1191","박성용"
"1192","박성준"
"1193","박성훈"
"1194","박세희"
"1195","박수민"
"1196","박수영"
"1197","박신우"
"1198","박영균"
"1199","박영철"
"1200","박영호"
"1201","박영훈"
"1202","박용제"
"1203","박용집"
"1204","박윤경"
"1205","박은형"
"1206","박인제"
"1207","박재동"
"1208","박재식"
"1209","박재옥"
"1210","박정범"
"1211","박정숙"
"1212","박정우"
"1213","박정훈"
"1214","박제욱"
"1215","박제현"
"1216","박준기"
"1217","박준범"
"1218","박중구"
"1219","박중훈"
"1220","박지원"
"1221","박진석"
"1222","박진성"
"1223","박진순"
"1224","박진표"
"1225","박찬경"
"1226","박찬옥"
"1227","박찬욱"
"1228","박창진"
"1229","박철관"
"1230","박철수"
"1231","박철순"
"1232","박철희"
"1233","박태동"
"1234","박한준"
"1235","박헌수"
"1236","박현진"
"1237","박형우"
"1238","박홍민"
"1239","박홍수"
"1240","박훈정"
"1241","박흥식"
"1242","박희곤"
"1243","박희준"
"1244","반안자"
"1245","반원량"
"1246","반종 피산다나쿤"
"1247","반주영"
"1248","반헤이 타로"
"1249","발레리 게르기예프"
"1250","발레리 돈젤리"
"1251","발레리 밀레브"
"1252","발레리 파리스"
"1253","발레리아 사미엔토"
"1254","발타자르 코루마쿠르"
"1255","밥 골드스웨이트"
"1256","밥 피터슨"
"1257","방은진"
"1258","방현준"
"1259","방형우"
"1260","배광수"
"1261","배리 배틀스"
"1262","배리 쿡"
"1263","배연석"
"1264","배창호"
"1265","배해성"
"1266","배현지"
"1267","배형준"
"1268","백동훈"
"1269","백상열"
"1270","백승기"
"1271","백승빈"
"1272","백승우"
"1273","백승창"
"1274","백승화"
"1275","백연아"
"1276","백정민"
"1277","백창주"
"1278","뱅상 파로노"
"1279","뱅상 파타"
"1280","뱅크시"
"1281","버 스티어스"
"1282","버나드 로즈"
"1283","버나비 사우스콤"
"1284","버니 골드먼"
"1285","베네덱 플리고프"
"1286","베네딕트 갈룹"
"1287","베넷 밀러"
"1288","베노이트 필립폰"
"1289","베니토 잠브라노"
"1290","베르나드 진진"
"1291","베르나르도 베르톨루치"
"1292","베르너 헤어조그"
"1293","베르너 헤어조크"
"1294","베르트랑 보넬로"
"1295","베르트랑 블리에"
"1296","베르트랑 타베르니에"
"1297","베리 레빈슨"
"1298","베리 소넨필드"
"1299","베리 쿡"
"1300","베스 카그맨"
"1301","베이커 하워드 E."
"1302","베티 토머스"
"1303","벤 글럭"
"1304","벤 노트"
"1305","벤 드마리"
"1306","벤 루윈"
"1307","벤 스타센"
"1308","벤 스틸러"
"1309","벤 애플렉"
"1310","벤 영거"
"1311","벤 제틀린"
"1312","벤 헤이플릭"
"1313","벤슨 리"
"1314","벤자민 레너"
"1315","벤자민 로체르"
"1316","벤자민 하인스버그"
"1317","벤트 해머"
"1318","벤트라 폰즈"
"1319","벨라 타르"
"1320","벵상 뻬레"
"1321","변성현"
"1322","변승욱"
"1323","변영주"
"1324","변혁"
"1325","보 웰치"
"1326","보르하 만소"
"1327","보이드 커클랜드"
"1328","볼프강 벡커"
"1329","볼프강 페터젠"
"1330","봉만대"
"1331","봉준호"
"1332","부르노 뒤몽"
"1333","부지영"
"1334","브누와 쟉꼬"
"1335","브라이언 드 팔마"
"1336","브라이언 라지"
"1337","브라이언 레반트"
"1338","브라이언 밀러"
"1339","브라이언 버티노"
"1340","브라이언 보"
"1341","브라이언 싱어"
"1342","브라이언 에이브릴"
"1343","브라이언 클러그만"
"1344","브라이언 테일러"
"1345","브라이언 헬겔랜드"
"1346","브래드 T. 갓프레드"
"1347","브래드 버드"
"1348","브래드 실버링"
"1349","브래드 앤더슨"
"1350","브래드 퍼맨"
"1351","브래들리 파커"
"1352","브레드 페이튼"
"1353","브렉 에이즈너"
"1354","브렌다 채프먼"
"1355","브렛 래트너"
"1356","브렛 레너드"
"1357","브렛 레트너"
"1358","브렛 설리반"
"1359","브루노 로미"
"1360","브루노 바레토"
"1361","브루스 A 에반스"
"1362","브루스 데이비슨"
"1363","브루스 로빈슨"
"1364","브루스 맥도널드"
"1365","브루스 베레스포드"
"1366","브루스 웹"
"1367","브루스 헌트"
"1368","블라드 바르베"
"1369","블라디미르 크루즈"
"1370","블레이크 에드워즈"
"1371","비르지니 와공"
"1372","비번 키드론"
"1373","비비안 쉴링"
"1374","비욘 스테인"
"1375","비자이"
"1376","비키 젠슨"
"1377","비탈리 만스키"
"1378","비토리오 타비아니"
"1379","비행"
"1380","빅터 말도나도"
"1381","빅터 플레밍"
"1382","빈센조 나탈리"
"1383","빈센조 마라노"
"1384","빈코 브레잔"
"1385","빌 어거스트"
"1386","빌 우드러프"
"1387","빌 코코란"
"1388","빌 콘돈"
"1389","빌레 수호넨"
"1390","빌리 레이"
"1391","빔 벤더스"
"1392","빠트리스 르꽁트"
"1393","사나다 아츠시"
"1394","사노 가즈히로"
"1395","사노 도모키"
"1396","사노 카즈히로"
"1397","사라 로버슨"
"1398","사라 지프"
"1399","사라 폴리"
"1400","사리크 안드레아시안"
"1401","사무엘 베이어"
"1402","사부"
"1403","사비에르 빌라버드"
"1404","사빈느 데르플링거"
"1405","사사가와 히로시"
"1406","사수가 사스케"
"1407","사울 딥"
"1408","사이러스 노라스테"
"1409","사이먼 웨스트"
"1410","사이먼 윈서"
"1411","사이먼 커티스"
"1412","사이먼 헌터"
"1413","사이몬 J.스미스"
"1414","사이몬 엘리스"
"1415","사이몬 필립스"
"1416","사카모토 준지"
"1417","사카모토 코이치"
"1418","사카모토 후토시"
"1419","사카베 코지"
"1420","사카이 무네히사"
"1421","사쿠라이 히로아키"
"1422","사토 마사히코"
"1423","사토 시마코"
"1424","사토 신스케"
"1425","사토 유이치"
"1426","사토 유조"
"1427","사토 준이치"
"1428","사토 케이이치"
"1429","사토 토시키"
"1430","사토 토야"
"1431","사토 히로유키"
"1432","사토 히사야스"
"1433","사토우 토시키"
"1434","사토키 켐모치"
"1435","산드로 세카"
"1436","산제이 렐라 반살리"
"1437","산티아고 세구라"
"1438","산티아고 아미고레나"
"1439","산티아고 잔노우"
"1440","샐리 포터"
"1441","샘 가바르스키"
"1442","샘 레이미"
"1443","샘 멘데스"
"1444","샘 테일러-우드"
"1445","샘 펠"
"1446","샤그다슈렌"
"1447","샤나 페스트"
"1448","샤론 메이몬"
"1449","샤리 스프링어 버먼"
"1450","샤샤 하트만"
"1451","샤오 야 췐"
"1452","샤우캇 아민 코르키"
"1453","샹탈 애커만"
"1454","서극"
"1455","서명수"
"1456","서민영"
"1457","서세원"
"1458","서영주"
"1459","서용호"
"1460","서태지"
"1461","서호봉"
"1462","선더 레빈"
"1463","선종훈"
"1464","설효로"
"1465","성룡"
"1466","성시흡"
"1467","성일석"
"1468","성지혜"
"1469","세드릭 칸"
"1470","세드릭 클래피쉬"
"1471","세디그 바르막"
"1472","세르게이 보드로프"
"1473","세르게이 지노프"
"1474","세르지오 마차도"
"1475","세르지오 카스텔리토"
"1476","세릭 아프리모프"
"1477","세미 카플라노글루"
"1478","세바스티안 렐리오"
"1479","세베 쉘레쯔"
"1480","세스 고든"
"1481","세스 그로스먼"
"1482","세스 맥팔레인"
"1483","세실리아 펙"
"1484","세자르 샬론"
"1485","세자르 카푸르"
"1486","세지오"
"1487","션 베이커"
"1488","셰인 메도우스"
"1489","소냐 프리셀"
"1490","소노 시온"
"1491","소다 카즈히로"
"1492","소렌 크라그-야콥센"
"1493","소리 후미히코"
"1494","소마이 신지"
"1495","소상민"
"1496","소재영"
"1497","소준문"
"1498","소팔석"
"1499","소피아 코폴라"
"1500","손건군"
"1501","손광주"
"1502","손립기"
"1503","손석"
"1504","손수범"
"1505","손승진"
"1506","손영성"
"1507","손영호"
"1508","손원평"
"1509","손재곤"
"1510","손재명"
"1511","손케 보르트만"
"1512","손태웅"
"1513","손현희"
"1514","손희창"
"1515","솔 스위머"
"1516","송근식"
"1517","송동윤"
"1518","송예섭"
"1519","송웅달"
"1520","송윤희"
"1521","송인선"
"1522","송일곤"
"1523","송재윤"
"1524","송정우"
"1525","송창수"
"1526","송창용"
"1527","송해성"
"1528","숀 레비"
"1529","숀 맥콘빌"
"1530","숀 앤더스"
"1531","숀 엘리스"
"1532","수 크레이머"
"1533","수경"
"1534","수바시 가이"
"1535","수오 마사유키"
"1536","수유 린"
"1537","수잔 비에르"
"1538","수잔 스트로맨"
"1539","수잔나 화이트"
"1540","순리준"
"1541","쉐리 호만"
"1542","쉐인 반 다이크"
"1543","쉐인 블랙"
"1544","쉐인 스탠리"
"1545","쉐인 액커"
"1546","쉬라 게펜"
"1547","슈지 카타오카"
"1548","슈커"
"1549","슈테판 크로머"
"1550","스기노 아키오"
"1551","스기시마 쿠니히사"
"1552","스기이 기사부로"
"1553","스네다 사토시"
"1554","스벤 타딕켄"
"1555","스비야토슬라브 우샤코프"
"1556","스와 노부히로"
"1557","스즈키 마사유키"
"1558","스즈키 세이준"
"1559","스즈키 토시히사"
"1560","스캇 워프"
"1561","스콧 데릭슨"
"1562","스콧 레베레히트"
"1563","스콧 만"
"1564","스콧 맥게히"
"1565","스콧 스피어"
"1566","스콧 워커"
"1567","스콧 찰스 스튜어트"
"1568","스콧 쿠퍼"
"1569","스콧 프랭크"
"1570","스콧 휠러"
"1571","스콧 힉스"
"1572","스탠니슬라브 소코로브"
"1573","스테이시 패숀"
"1574","스테판 J. 앤더슨"
"1575","스테판 St. 레게르"
"1576","스테판 거져"
"1577","스테판 루조비츠키"
"1578","스테판 리보자드"
"1579","스테판 브랜닝크메여"
"1580","스테판 오비에"
"1581","스테판 케이"
"1582","스테판 팡메이어"
"1583","스테판 포엔키노스"
"1584","스튜어트 길라드"
"1585","스튜어트 베티"
"1586","스튜어트 블럼버그"
"1587","스튜어트 왓츠"
"1588","스튜어트 하젤딘"
"1589","스튜어트 헨들러"
"1590","스티브 리"
"1591","스티브 마티노"
"1592","스티브 맥퀸"
"1593","스티브 바커"
"1594","스티브 박스"
"1595","스티브 벤델락"
"1596","스티브 볼더슨"
"1597","스티브 부세미"
"1598","스티브 스파즈 윌리엄스"
"1599","스티브 애스퀴스"
"1600","스티브 앤더슨"
"1601","스티브 오데커크"
"1602","스티브 이슬레스"
"1603","스티브 카"
"1604","스티브 히크너"
"1605","스티븐 C. 밀러"
"1606","스티븐 E. 고든"
"1607","스티븐 R. 몬로"
"1608","스티븐 개건"
"1609","스티븐 나이트"
"1610","스티븐 달드리"
"1611","스티븐 마누엘"
"1612","스티븐 벨버"
"1613","스티븐 사이몬"
"1614","스티븐 세인버그"
"1615","스티븐 소더버그"
"1616","스티븐 소머즈"
"1617","스티븐 스필버그"
"1618","스티븐 실버"
"1619","스티븐 엘리엇"
"1620","스티븐 워즈워스"
"1621","스티븐 워커"
"1622","스티븐 자일리언"
"1623","스티븐 쿼일"
"1624","스티븐 크보스키"
"1625","스티븐 프리어스"
"1626","스티븐 헤렉"
"1627","스티븐 홉킨스"
"1628","스티븐 힐렌버그"
"1629","스틴 코닝스"
"1630","스파이크 리"
"1631","스파이크 존즈"
"1632","시기노 아키라"
"1633","시나가와 히로시"
"1634","시노하라 테츠오"
"1635","시드니 루멧"
"1636","시드니 폴락"
"1637","시디끄"
"1638","시라이시 카즈야"
"1639","시라이시 코지"
"1640","시모야마 텐"
"1641","시미즈 다카시"
"1642","시시도 준"
"1643","시오타 아키히코"
"1644","시오타니 나오요시"
"1645","시즈노 코분"
"1646","신근호"
"1647","신넬슨"
"1648","신도 카제"
"1649","신동엽"
"1650","신동일"
"1651","신보 아키유키"
"1652","신수원"
"1653","신아가"
"1654","신연식"
"1655","신재인"
"1656","신정균"
"1657","신정원"
"1658","신조 타케히코"
"1659","신춘수"
"1660","신카이 마코토"
"1661","신태라"
"1662","신한솔"
"1663","신현원"
"1664","신혜성"
"1665","실뱅 쇼메"
"1666","실버 트리"
"1667","실베스터 스탤론"
"1668","실비오 솔디니"
"1669","심광진"
"1670","심상국"
"1671","심성보"
"1672","심승보"
"1673","심형래"
"1674","써니 럭"
"1675","쏘어 프류덴탈"
"1676","씨아오 지앙"
"1677","아그네스 자우이"
"1678","아그네츠카 보토위츠 보슬루"
"1679","아그네츠카 홀란드"
"1680","아나이스 바르보 라발레트"
"1681","아넌드 터커"
"1682","아누락 바수"
"1683","아담 네우츠키-불프"
"1684","아담 라베치"
"1685","아담 브룩스"
"1686","아담 쉥크만"
"1687","아담 엘리어트"
"1688","아담 윈가드"
"1689","아드리아 가르시아"
"1690","아드리안 캐타노"
"1691","아딧탸 초프라"
"1692","아라마키 신지"
"1693","아라키 겐지"
"1694","아론 T. 웰즈"
"1695","아론 실먼"
"1696","아룽"
"1697","아르노 데 팔리에르"
"1698","아르노 데스플레생"
"1699","아르튀르 크왁"
"1700","아리 포신"
"1701","아리 폴만"
"1702","아리스토메니스 치바스"
"1703","아리엘 브로멘"
"1704","아리엘 슐만"
"1705","아마노 요시타카"
"1706","아마노 히로미츠"
"1707","아마자키 타카시"
"1708","아마트 에스칼란테"
"1709","아만다 스테르스"
"1710","아모스 기타이"
"1711","아몰 굽트"
"1712","아미노 테츠로"
"1713","아미르 나데리"
"1714","아미르 칸"
"1715","아베 레비"
"1716","아벨 페리"
"1717","아사오 마사히로"
"1718","아사쿠라 카요코"
"1719","아사토 마리"
"1720","아소 마나부"
"1721","아순 마와르디"
"1722","아쉬가르 파르하디"
"1723","아스카니오 말가리니"
"1724","아시프 카파디아"
"1725","아오야마 신지"
"1726","아이라 잭스"
"1727","아이바 토모아키"
"1728","아이조메 쿄코"
"1729","아일레트 메나헤미"
"1730","아제이 발"
"1731","아카이시 토모유키"
"1732","아케로 마나스"
"1733","아키 요코"
"1734","아키 카우리스마키"
"1735","아키야마 다카히코"
"1736","아톰 에고이안"
"1737","아틱 라히미"
"1738","아핏차퐁 위라세타쿤"
"1739","아흐마드 레자 다르비쉬"
"1740","안권태"
"1741","안나 네그리"
"1742","안나 저스티스"
"1743","안네 린셀"
"1744","안노 사울"
"1745","안노 히데아키"
"1746","안도 마사히로"
"1747","안동희"
"1748","안드레스 G. 슈에"
"1749","안드레스 바이즈"
"1750","안드레아스 드레센"
"1751","안드레이 네크라소프"
"1752","안드레이 바르코비악"
"1753","안드레이 즈비아진체프"
"1754","안드레이 콘찰로프스키"
"1755","안드레이 크라프추크"
"1756","안드레이 프로시킨"
"1757","안드리스 넬슨스"
"1758","안드리아 아놀드"
"1759","안병기"
"1760","안상훈"
"1761","안선경"
"1762","안소니 C. 페란트"
"1763","안소니 디브라시"
"1764","안소니 레온디스"
"1765","안소니 루소"
"1766","안소니 밍겔라"
"1767","안소니 벨"
"1768","안슬기"
"1769","안재훈"
"1770","안제이 자키모프스키"
"1771","안젤라 로빈슨"
"1772","안진우"
"1773","안철호"
"1774","안태근"
"1775","안토넬리 그리말디"
"1776","안토니 스투츠"
"1777","안토니오 나아로"
"1778","안토니오 니그렛"
"1779","안토니오 반데라스"
"1780","안토니오 샤바리아스"
"1781","안토니오 자발라 쿠글러"
"1782","안토니오 헤르난데즈"
"1783","안톤 메거딕체브"
"1784","안톤 코르빈"
"1785","안톤 후쿠아"
"1786","안티 조키넨"
"1787","안판석"
"1788","안해룡"
"1789","알란 볼"
"1790","알란 폴"
"1791","알랑 그스포너"
"1792","알래스테어 포더길"
"1793","알랭 가뇰"
"1794","알랭 기로디"
"1795","알랭 레네"
"1796","알레한드로 고메즈 몬테베르드"
"1797","알레한드로 곤잘레스 이냐리투"
"1798","알레한드로 로자노"
"1799","알레한드로 아그레스티"
"1800","알레한드로 아메나바르"
"1801","알레한드로 조도로프스키"
"1802","알렉 볼드윈"
"1803","알렉 케시시안"
"1804","알렉산더 아야"
"1805","알렉산더 윗"
"1806","알렉산더 페인"
"1807","알렉산드로스 아브라나스"
"1808","알렉산드르 듀러레인"
"1809","알렉산드르 멜닉"
"1810","알렉산드르 블라브스키"
"1811","알렉산드르 소쿠로프"
"1812","알렉산드르 야킴추크"
"1813","알렉상드르 카스타그네티"
"1814","알렉스 그레고리"
"1815","알렉스 드 라 이글레시아"
"1816","알렉스 슈미트"
"1817","알렉스 스타더만"
"1818","알렉스 켄드릭"
"1819","알렉스 콜스"
"1820","알렉스 프로야스"
"1821","알렉시스 도스 산토스"
"1822","알렉시스 듀란드 브라울트"
"1823","알렌 울프"
"1824","알렌 휴즈"
"1825","알리야르 알리 커티"
"1826","알바로 데 아르미냔"
"1827","알바로 파스토르"
"1828","알버토 마르"
"1829","알버트 휴즈"
"1830","알폰소 로드리게즈"
"1831","알폰소 알바세테"
"1832","알폰소 쿠아론"
"1833","알프레드 로트"
"1834","압델라티프 케시시"
"1835","압바스 키아로스타미"
"1836","앙토니 코르디에"
"1837","앙투와네트 베우머"
"1838","앙티 하이칼라"
"1839","애덤 실버"
"1840","애드리언 그런버그"
"1841","애론 블레이즈"
"1842","애비 루트라"
"1843","애쉬 브래넌"
"1844","애슐리 오너"
"1845","애스게르 레스"
"1846","앤 폰테인"
"1847","앤 플레쳐"
"1848","앤드레스 무시에티"
"1849","앤드류 C. 에린"
"1850","앤드류 고스"
"1851","앤드류 니콜"
"1852","앤드류 닐"
"1853","앤드류 더글라스"
"1854","앤드류 데이비스"
"1855","앤드류 도미닉"
"1856","앤드류 스탠든"
"1857","앤드류 아담슨"
"1858","앤드류 컬"
"1859","앤드류 토마스 헌트"
"1860","앤디 비츨바움"
"1861","앤디 워쇼스키"
"1862","앤디 쳉"
"1863","앤디 테넌트"
"1864","앤디 픽맨"
"1865","앤서니 가우디소"
"1866","앤서니 실버스톤"
"1867","앨런 콜터"
"1868","앨런 테일러"
"1869","앨리스터 그리어슨"
"1870","앨버트 반 스트리엔"
"1871","앵겔 이즈퀴에르도"
"1872","야구치 시노부"
"1873","야기 카즈스케"
"1874","야나기마치 미츠오"
"1875","야노 히로유키"
"1876","야누스 메츠 패더슨"
"1877","야니케 시스타드 야콥슨"
"1878","야니크 하스트럽"
"1879","야론 질버만"
"1880","야마가 타카유키"
"1881","야마가 히로유키"
"1882","야마구치 스스무"
"1883","야마구치 유다이"
"1884","야마다 나오코"
"1885","야마다 요지"
"1886","야마모토 니조우"
"1887","야마모토 야스이치로"
"1888","야마모토 키요시"
"1889","야마모토 타이치로"
"1890","야마시타 노부히로"
"1891","야마우치 다이스케"
"1892","야스미 테츠오"
"1893","야스밀라 즈바니치"
"1894","야첵 보에크추크"
"1895","야쿠와 신노스케"
"1896","얀 리벡"
"1897","얀 사뮤엘"
"1898","얀 아르튀스-베르트랑"
"1899","얀 쿠넹"
"1900","얀 흐레베이크"
"1901","얀닉 다한"
"1902","얌 라라나스"
"1903","양 리"
"1904","양 쉬우펭"
"1905","양동규"
"1906","양백견"
"1907","양범"
"1908","양야체"
"1909","양영철"
"1910","양영희"
"1911","양우석"
"1912","양윤호"
"1913","양은용"
"1914","양익준"
"1915","양정호"
"1916","양종현"
"1917","양지은"
"1918","양해훈"
"1919","어니 바바라쉬"
"1920","어일선"
"1921","엄태화"
"1922","에노모토 토시로"
"1923","에단 마니퀴스"
"1924","에단 코엔"
"1925","에단 호크"
"1926","에두아르도 로드리게스"
"1927","에두아르도 산체스"
"1928","에두아르드 산체스"
"1929","에두아르드 코르테스"
"1930","에두와르도 슐츠"
"1931","에드 게스-도넬리"
"1932","에드 스톤"
"1933","에드가 라이트"
"1934","에드워드 앤더슨"
"1935","에드워드 즈윅"
"1936","에란 리클리스"
"1937","에란 콜리린"
"1938","에란 크리비"
"1939","에레즈 다드모르"
"1940","에르마노 올미"
"1941","에른스트 루비치"
"1942","에릭 넬슨"
"1943","에릭 다넬"
"1944","에릭 델라바레"
"1945","에릭 라티고"
"1946","에릭 레드"
"1947","에릭 로메르"
"1948","에릭 매닝"
"1949","에릭 바레트"
"1950","에릭 베스나드"
"1951","에릭 브레스"
"1952","에릭 브리빅"
"1953","에릭 스코졸드재르그"
"1954","에릭 이스튼버그"
"1955","에릭 제노비스"
"1956","에릭 쿠"
"1957","에릭 토스티"
"1958","에릭 톨레다노"
"1959","에릭 포스버그"
"1960","에릭 포페"
"1961","에릭 헤이저러"
"1962","에밀 쿠스트리차"
"1963","에밀리 영"
"1964","에밀리오 마르티네즈 라자로"
"1965","에밀리오 에스테베즈"
"1966","에바 진"
"1967","에브게니 라브렌티에프"
"1968","에스벤 토프트 야콥슨"
"1969","에스터 그로넨보른"
"1970","에스펜 샌버그"
"1971","에이케이쥐"
"1972","에이탄 가프니"
"1973","에츠카 케렛"
"1974","에카르트 핑베르크"
"1975","에티엔 포르"
"1976","에티엔느 샤틸리에"
"1977","에히디오 코치미글리오"
"1978","엔리케 가토"
"1979","엔리케 우르비주"
"1980","엔리케 페르난데스"
"1981","엔리코 클레리코 나시노"
"1982","엔조 달로"
"1983","엘레나 코발레바"
"1984","엘렌 스미트"
"1985","엘리스 로버트슨"
"1986","엘리시아 모신스키"
"1987","엘리아 술레이만"
"1988","엘리어트 레스터"
"1989","엠마 프란츠"
"1990","엠마누엘 무레"
"1991","엠마누엘 베르코"
"1992","여균동"
"1993","여명준"
"1994","여인광"
"1995","여인영"
"1996","연상호"
"1997","엽위민"
"1998","엽위신"
"1999","예르지 카발레로비치"
"2000","예스퍼 묄러"
"2001","예시카 하우스너"
"2002","예프게니 루만"
"2003","오기가미 나오코"
"2004","오기현"
"2005","오기환"
"2006","오누마 유이치"
"2007","오달균"
"2008","오덕환"
"2009","오데드 시모니"
"2010","오렌 캐플란"
"2011","오렌 펠리"
"2012","오리올 카펠"
"2013","오리올 파울로"
"2014","오마 나임"
"2015","오멸"
"2016","오부치 아키라"
"2017","오상훈"
"2018","오석근"
"2019","오성윤"
"2020","오손 웰즈"
"2021","오스카 요나손"
"2022","오스틴 칙"
"2023","오시마 나기사"
"2024","오시이 마모루"
"2025","오영두"
"2026","오오네 히토시"
"2027","오오데라 순고"
"2028","오오모리 미카"
"2029","오오타 케이스케"
"2030","오오토모 케이시"
"2031","오우삼"
"2032","오이선"
"2033","오이카와 아타루"
"2034","오인천"
"2035","오점균"
"2036","오즈 야스지로"
"2037","오지명"
"2038","오츠카 유키"
"2039","오츠키 에이지"
"2040","오치아이 마사유키"
"2041","오카다 아키라"
"2042","오카모토 후토시"
"2043","오카무라 텐사이"
"2044","오쿠 와타루"
"2045","오쿠다 에이지"
"2046","오키우라 히로유키"
"2047","오키타 슈이치"
"2048","오타니 겐타로"
"2049","오타니 야스유키"
"2050","오타니 타로"
"2051","오토 솅크"
"2052","오토 알렉산더 야히리스"
"2053","오토모 가츠히로"
"2054","옥사이드 팽 천"
"2055","올 파커"
"2056","올가 로패토"
"2057","올라 시몬손"
"2058","올라턴드 오선샌미"
"2059","올레 쉘"
"2060","올레그 페센코"
"2061","올리버 스톤"
"2062","올리버 어빙"
"2063","올리버 파커"
"2064","올리버 히르비겔"
"2065","올리베에 메가턴"
"2066","올리비에 나카슈"
"2067","올리비에 다한"
"2068","올리비에 마르샬"
"2069","올리비에 메가톤"
"2070","올리비에 아사야스"
"2071","올리비에 장 마리"
"2072","와다 벤"
"2073","와다 소에몬"
"2074","와엘 샤키"
"2075","와카바야시 칸지"
"2076","와타나베 세이키"
"2077","와타나베 신이치로"
"2078","와타나베 아유무"
"2079","와타나베 타카후미"
"2080","와타베 세이치"
"2081","완세생"
"2082","왕 취엔안"
"2083","왕가위"
"2084","왕가위 / 스티븐 소더버그 / 미켈란젤로 안토니오니"
"2085","왕정"
"2086","요네바야시 히로마사"
"2087","요네타니 요시토모"
"2088","요르겐 레르담"
"2089","요르그 일레"
"2090","요리코 쥰"
"2091","요셉 빌스마이어"
"2092","요수화"
"2093","요시 새슨"
"2094","요시노 히로시"
"2095","요시다 다이하치"
"2096","요시다 료코"
"2097","요시다 시게츠구"
"2098","요시다 코우다"
"2099","요시다 히데아키"
"2100","요시우라 야스히로"
"2101","요코야마 카즈히로"
"2102","요코하마 사토코"
"2103","요코하마 히로유키"
"2104","요하네스 슈테르네 닐슨"
"2105","요한 니젠허스"
"2106","용유스 통콘툰"
"2107","우니 르콩트"
"2108","우다 고노스케"
"2109","우다 코우노스케"
"2110","우디 알렌"
"2111","우디 앨런"
"2112","우디 한"
"2113","우문기"
"2114","우민호"
"2115","우베 볼"
"2116","우베르토 파솔리니"
"2117","우선호"
"2118","우슬라 마이어"
"2119","우에노 토시야"
"2120","우인태"
"2121","우타가와 쿄이치"
"2122","울리 에델"
"2123","울리히 세이들"
"2124","울프 시르머"
"2125","웅흔흔"
"2126","원건도"
"2127","원규"
"2128","원금린"
"2129","원신연"
"2130","원태연"
"2131","원화평"
"2132","월리 피스터"
"2133","월리엄 크리스티"
"2134","월터 살레스"
"2135","월트 벡커"
"2136","웨스 볼"
"2137","웨스 앤더슨"
"2138","웨스 크레이븐"
"2139","웨인 로즈"
"2140","웨인 쏜리"
"2141","웨인 크라머"
"2142","위가휘"
"2143","위덕성"
"2144","위성준"
"2145","위시트 사사나티앙"
"2146","위테 빌란드"
"2147","위트 스틸먼"
"2148","윌 글럭"
"2149","윌 스펙"
"2150","윌 캐논"
"2151","윌 핀"
"2152","윌리 데커"
"2153","윌리엄 리에드"
"2154","윌리엄 모나한"
"2155","윌리엄 브렌트 벨"
"2156","윌리엄 유뱅크"
"2157","윌리엄 켄트리지"
"2158","윌리엄 프리드킨"
"2159","유릭 와이"
"2160","유사 카즈히사"
"2161","유상곤"
"2162","유상욱"
"2163","유상헌"
"2164","유선동"
"2165","유성엽"
"2166","유세프 샤힌"
"2167","유송"
"2168","유스리 압드 하림"
"2169","유승택"
"2170","유야마 쿠니히코"
"2171","유영선"
"2172","유원상"
"2173","유위강"
"2174","유재완"
"2175","유정환"
"2176","유준석"
"2177","유지니오 미라"
"2178","유지태"
"2179","유진희"
"2180","유키사다 이사오"
"2181","유하"
"2182","유형"
"2183","유호 히토시"
"2184","유호진"
"2185","육상효"
"2186","윤기형"
"2187","윤성현"
"2188","윤성호"
"2189","윤여창"
"2190","윤영기"
"2191","윤용진"
"2192","윤인호"
"2193","윤재구"
"2194","윤재근"
"2195","윤재연"
"2196","윤제균"
"2197","윤종빈"
"2198","윤종석"
"2199","윤종찬"
"2200","윤준형"
"2201","윤태식"
"2202","윤태용"
"2203","윤태윤"
"2204","윤학렬"
"2205","윤형태"
"2206","융 헤닌"
"2207","이강길"
"2208","이강생"
"2209","이강현"
"2210","이건동"
"2211","이경미"
"2212","이경호"
"2213","이계벽"
"2214","이고르 카리오노프"
"2215","이광국"
"2216","이광재"
"2217","이광호"
"2218","이광훈"
"2219","이권"
"2220","이규만"
"2221","이규형"
"2222","이근우"
"2223","이기니오 스트라피"
"2224","이기연"
"2225","이기욱"
"2226","이나 예블라니코바"
"2227","이나라 콜마네"
"2228","이나키 도론소로"
"2229","이난"
"2230","이네 살림"
"2231","이네스 파리스"
"2232","이노우에 준이치"
"2233","이노우에 히데노리"
"2234","이누도 잇신"
"2235","이대희"
"2236","이덕희"
"2237","이도 엔젤"
"2238","이도윤"
"2239","이돈구"
"2240","이동삼"
"2241","이동승"
"2242","이두용"
"2243","이로이"
"2244","이리 멘젤"
"2245","이리에 유"
"2246","이마놀 우리베"
"2247","이마무라 쇼헤이"
"2248","이마오카 신지"
"2249","이마이 나츠키"
"2250","이마카케 이사무"
"2251","이명세"
"2252","이무영"
"2253","이미연"
"2254","이반 라이트만"
"2255","이반 아탈"
"2256","이반 엔글러"
"2257","이병헌"
"2258","이사무엘"
"2259","이사벨 머걸트"
"2260","이사카와 히토시"
"2261","이삭 크래빗"
"2262","이상기"
"2263","이상빈"
"2264","이상용"
"2265","이상우"
"2266","이상일"
"2267","이상철"
"2268","이상화"
"2269","이상훈"
"2270","이서"
"2271","이서군"
"2272","이석훈"
"2273","이성강"
"2274","이성규"
"2275","이성수"
"2276","이성은"
"2277","이성한"
"2278","이세야 유스케"
"2279","이세영"
"2280","이세일"
"2281","이소무라 이츠미치"
"2282","이송희일"
"2283","이수성"
"2284","이수연"
"2285","이수인"
"2286","이수정"
"2287","이수진"
"2288","이숙경"
"2289","이숭환"
"2290","이스트반 자보"
"2291","이승무"
"2292","이승영"
"2293","이승재"
"2294","이승준"
"2295","이시명"
"2296","이시바시 요시마사"
"2297","이시오카 마사토"
"2298","이시이 다카시"
"2299","이시이 야스하루"
"2300","이시이 요시카즈"
"2301","이시이 유야"
"2302","이시이 카츠히토"
"2303","이시카와 지로"
"2304","이시카와 킨"
"2305","이시카와 히로시"
"2306","이시카와 히토시"
"2307","이시하라 타츠야"
"2308","이안"
"2309","이애림"
"2310","이언 소프트리"
"2311","이언희"
"2312","이연우"
"2313","이영미"
"2314","이영은"
"2315","이영인"
"2316","이영화"
"2317","이영훈"
"2318","이와사키 토모코"
"2319","이와이 슌지"
"2320","이용승"
"2321","이용주"
"2322","이우열"
"2323","이우철"
"2324","이원석"
"2325","이원식"
"2326","이원회"
"2327","이유림"
"2328","이유빈"
"2329","이윤기"
"2330","이윤형"
"2331","이은미"
"2332","이은아"
"2333","이응일"
"2334","이인규"
"2335","이인수"
"2336","이인항"
"2337","이자벨 코이셋"
"2338","이장수"
"2339","이장호"
"2340","이재규"
"2341","이재용"
"2342","이재한"
"2343","이재호"
"2344","이정국"
"2345","이정범"
"2346","이정욱"
"2347","이정원"
"2348","이정인"
"2349","이정철"
"2350","이정향"
"2351","이정호"
"2352","이정홍"
"2353","이정황"
"2354","이종석"
"2355","이종용"
"2356","이종필"
"2357","이종한"
"2358","이주연"
"2359","이주헌"
"2360","이주형"
"2361","이준익"
"2362","이즈츠 카즈유키"
"2363","이즈치 키슈"
"2364","이지 바르타"
"2365","이지승"
"2366","이지운"
"2367","이지현"
"2368","이지형"
"2369","이진우"
"2370","이진혁"
"2371","이창규"
"2372","이창동"
"2373","이창재"
"2374","이철하"
"2375","이충렬"
"2376","이치카와 준"
"2377","이케다 치히로"
"2378","이토 이치헤이"
"2379","이폴리트 지라르도"
"2380","이하"
"2381","이학준"
"2382","이한"
"2383","이한나"
"2384","이한열"
"2385","이항배"
"2386","이해영"
"2387","이해준"
"2388","이혁상"
"2389","이혁종"
"2390","이현승"
"2391","이현종"
"2392","이현진"
"2393","이현철"
"2394","이형곤"
"2395","이형민"
"2396","이형선"
"2397","이혜영"
"2398","이호재"
"2399","이홍기"
"2400","이홍민"
"2401","이홍석"
"2402","이홍수"
"2403","이홍재"
"2404","이환경"
"2405","이훈규"
"2406","인진미"
"2407","일라이 로스"
"2408","일리안 드제벨레코프"
"2409","임경수"
"2410","임경택"
"2411","임군양"
"2412","임권택"
"2413","임대웅"
"2414","임범"
"2415","임상수"
"2416","임상윤"
"2417","임상준"
"2418","임성구"
"2419","임성운"
"2420","임성찬"
"2421","임순례"
"2422","임아론"
"2423","임영성"
"2424","임우성"
"2425","임원국"
"2426","임유철"
"2427","임진순"
"2428","임진승"
"2429","임진평"
"2430","임찬상"
"2431","임찬익"
"2432","임초현"
"2433","임태형"
"2434","임필성"
"2435","임흥순"
"2436","잉마르 베리만"
"2437","자끄 페렝"
"2438","자나 브리스키"
"2439","자난드리아 노세다"
"2440","자레드 콘"
"2441","자릴 레스페르"
"2442","자비에 돌란"
"2443","자비에 보브와"
"2444","자비에 장"
"2445","자비에 지메네즈"
"2446","자비에 지아놀리"
"2447","자비에 팔뤼"
"2448","자비에르 아바드"
"2449","자비에르 젠스"
"2450","자움 세라"
"2451","자움 콜렛 세라"
"2452","자코 반 도마엘"
"2453","자코 아키후미"
"2454","자크 리베트"
"2455","자크 오디아르"
"2456","자크 클로드"
"2457","자크 헬름"
"2458","자파르 파나히"
"2459","잘만 킹"
"2460","장-루프 펠리시올리"
"2461","장-자크 망텔로"
"2462","장-클리스토페 리에"
"2463","장-폴 리렝펠드"
"2464","장 루이 길예르모"
"2465","장 뤽 고다르"
"2466","장 마크 발레"
"2467","장 이바이"
"2468","장 자끄 아노"
"2469","장 잔뽀어"
"2470","장 크리스토프 드상"
"2471","장 클로드 브리소"
"2472","장 폴 살로메"
"2473","장 프랑소아 풀리오"
"2474","장 프랑소와 리셰"
"2475","장 피에로 포넬"
"2476","장 피에르 다르덴"
"2477","장 피에르 아메리스"
"2478","장 피에르 주네"
"2479","장건재"
"2480","장경수"
"2481","장경위"
"2482","장권호"
"2483","장규성"
"2484","장길수"
"2485","장동조"
"2486","장동홍"
"2487","장률"
"2488","장문강"
"2489","장문일"
"2490","장성"
"2491","장애가"
"2492","장영치"
"2493","장예모"
"2494","장용우"
"2495","장유정"
"2496","장윤정"
"2497","장윤현"
"2498","장이모우"
"2499","장준환"
"2500","장지량"
"2501","장진"
"2502","장철수"
"2503","장태령"
"2504","장항준"
"2505","장현상"
"2506","장현수"
"2507","장형원"
"2508","장형윤"
"2509","장혜영"
"2510","장훈"
"2511","장희철"
"2512","재키 카투"
"2513","잭 쉐퍼"
"2514","잭 스나이더"
"2515","저스틴 린"
"2516","저스틴 쉐인"
"2517","저스틴 잭햄"
"2518","저스틴 채드윅"
"2519","저스틴 케리건"
"2520","저스틴 프라이스"
"2521","전계수"
"2522","전국위"
"2523","전규환"
"2524","전도한"
"2525","전만배"
"2526","전문기"
"2527","전성우"
"2528","전소현"
"2529","전수일"
"2530","전용택"
"2531","전윤수"
"2532","전재홍"
"2533","전태윤"
"2534","전화성"
"2535","정 셴린"
"2536","정 식"
"2537","정근섭"
"2538","정기훈"
"2539","정길영"
"2540","정길훈"
"2541","정대건"
"2542","정명훈"
"2543","정민영"
"2544","정범식"
"2545","정병길"
"2546","정보서"
"2547","정사걸"
"2548","정성복"
"2549","정성산"
"2550","정성일"
"2551","정소동"
"2552","정승구"
"2553","정연식"
"2554","정연원"
"2555","정연주"
"2556","정영배"
"2557","정영헌"
"2558","정용기"
"2559","정용주"
"2560","정우철"
"2561","정윤석"
"2562","정윤수"
"2563","정윤철"
"2564","정익환"
"2565","정재웅"
"2566","정재은"
"2567","정정화"
"2568","정종훈"
"2569","정주리"
"2570","정지영"
"2571","정지우"
"2572","정창욱"
"2573","정창현"
"2574","정초신"
"2575","정치영"
"2576","정태원"
"2577","정하린"
"2578","정호중"
"2579","정호현"
"2580","정흠문"
"2581","제니퍼 드볼데르"
"2582","제니퍼 리"
"2583","제니퍼 챔버스 린치"
"2584","제라도 나란조"
"2585","제라르 크라브지크"
"2586","제라르 피레"
"2587","제레미 드그루손"
"2588","제레미 파워 레김발"
"2589","제로 추"
"2590","제로미 샐레"
"2591","제롬 데스챔프"
"2592","제롬 르 그리스"
"2593","제롬 샬레"
"2594","제리 주커"
"2595","제시 V. 존슨"
"2596","제시 테레로"
"2597","제시 페레츠"
"2598","제시카 골드버그"
"2599","제이 러셀"
"2600","제이 로치"
"2601","제이 아나니아"
"2602","제이 챈드라세카"
"2603","제이다 핀켓 스미스"
"2604","제이미 브랜드쇼"
"2605","제이민"
"2606","제이슨 라이트먼"
"2607","제이슨 무어"
"2608","제이슨 부케"
"2609","제이슨 코너리"
"2610","제이콥 아론 이스터스"
"2611","제이크 슈레이어"
"2612","제이크 스콧"
"2613","제이크 케네디"
"2614","제이크 팰트로"
"2615","제인 캠피온"
"2616","제임스 C. 스트로스"
"2617","제임스 L. 브룩스"
"2618","제임스 가우디소"
"2619","제임스 건"
"2620","제임스 그레이"
"2621","제임스 넌"
"2622","제임스 도드슨"
"2623","제임스 드모나코"
"2624","제임스 레바인"
"2625","제임스 리"
"2626","제임스 마쉬"
"2627","제임스 매더스"
"2628","제임스 맥티그"
"2629","제임스 맨골드"
"2630","제임스 보빈"
"2631","제임스 완"
"2632","제임스 왓킨스"
"2633","제임스 왕"
"2634","제임스 카메론"
"2635","제임스 폴리"
"2636","제임스 허니본"
"2637","제제 다카히사"
"2638","제프 니콜스"
"2639","제프 렌프로"
"2640","제프 와드로"
"2641","제프 첼렌타노"
"2642","제프 카플란"
"2643","제프 트레마인"
"2644","제프리 라이트"
"2645","제프리 삭스"
"2646","제프리 프리드먼"
"2647","제프리 플레쳐"
"2648","젬 코엔"
"2649","조 R. 카사베티스"
"2650","조 라이트"
"2651","조 로스"
"2652","조 루소"
"2653","조 솔"
"2654","조 쉐인"
"2655","조 스완버그"
"2656","조 존스톤"
"2657","조 카나한"
"2658","조규장"
"2659","조근식"
"2660","조근현"
"2661","조나단 M. 레빈"
"2662","조나단 글레이저"
"2663","조나단 글렌드닝"
"2664","조나단 뉴먼"
"2665","조나단 데이톤"
"2666","조나단 드미"
"2667","조나단 레빈"
"2668","조나단 리브스만"
"2669","조나단 린"
"2670","조나단 모스토우"
"2671","조나단 텝리츠키"
"2672","조나단 헨스라이"
"2673","조나스 엘머"
"2674","조남호"
"2675","조던 그레이엄"
"2676","조던 스콧"
"2677","조동오"
"2678","조디 포스터"
"2679","조르디 롬파르트"
"2680","조림산"
"2681","조명남"
"2682","조민호"
"2683","조범구"
"2684","조범진"
"2685","조병옥"
"2686","조비 해롤드"
"2687","조성규"
"2688","조성형"
"2689","조성희"
"2690","조세래"
"2691","조세영"
"2692","조셉 고든 레빗"
"2693","조셉 루벤"
"2694","조셉 코신스키"
"2695","조쉬 고든"
"2696","조쉬 분"
"2697","조쉬 스턴펠드"
"2698","조쉬 트랭크"
"2699","조슈아 마스턴"
"2700","조슈아 마이클 스턴"
"2701","조슈아 세프텔"
"2702","조스 웨던"
"2703","조승연"
"2704","조승원"
"2705","조아킴 로엔닝"
"2706","조안 쿠트리나"
"2707","조엘 노보아"
"2708","조엘 슈마허"
"2709","조엘 코엔"
"2710","조엘 홉킨스"
"2711","조연수"
"2712","조용선"
"2713","조우 사다오"
"2714","조욱희"
"2715","조운"
"2716","조원희"
"2717","조은경"
"2718","조은희"
"2719","조의석"
"2720","조정래"
"2721","조조 히데오"
"2722","조조 히데오 / 죠죠 히데오"
"2723","조준묵"
"2724","조지 A. 로메로"
"2725","조지 놀피"
"2726","조지 루카스"
"2727","조지 밀러"
"2728","조지 시무라"
"2729","조지 클루니"
"2730","조지 토레그로사"
"2731","조지 하이켄루퍼"
"2732","조진규"
"2733","조진모"
"2734","조창호"
"2735","조하네스 로버츠"
"2736","조한 얼"
"2737","존 A. 데이비스"
"2738","존 H. 윌리엄스"
"2739","존 O. 하트먼"
"2740","존 R. 레오네티"
"2741","존 V. 소토"
"2742","존 개틴스"
"2743","존 건"
"2744","존 걸레거"
"2745","존 도일"
"2746","존 듀이건"
"2747","존 라세터"
"2748","존 라이트"
"2749","존 랜디스"
"2750","존 레쿼"
"2751","존 루카스"
"2752","존 루트"
"2753","존 리 행콕"
"2754","존 매든"
"2755","존 맥티어난"
"2756","존 머스커"
"2757","존 메이버리"
"2758","존 무어"
"2759","존 버제스"
"2760","존 샌포드"
"2761","존 쉐인필드"
"2762","존 스톡웰"
"2763","존 스티븐슨"
"2764","존 심슨"
"2765","존 싱글톤"
"2766","존 애브넛"
"2767","존 에릭 도들"
"2768","존 웰스"
"2769","존 윌리스 3세"
"2770","존 준커먼"
"2771","존 추"
"2772","존 카니"
"2773","존 카메론 밋첼"
"2774","존 커랜"
"2775","존 크로울리"
"2776","존 터투로"
"2777","존 터틀타웁"
"2778","존 파브로"
"2779","존 파스킨"
"2780","존 패트릭 셰인리"
"2781","존 포그"
"2782","존 폴슨"
"2783","존 하이암스"
"2784","존 해리스"
"2785","존 해리슨"
"2786","존 햄버그"
"2787","존 허위츠"
"2788","존 헤이"
"2789","존 화이트셀"
"2790","존 휴잇"
"2791","존 힐코트"
"2792","존K.D.그래함"
"2793","죠 타이치"
"2794","주걸륜"
"2795","주경중"
"2796","주노 막"
"2797","주드 아패토우"
"2798","주디 모리스"
"2799","주문"
"2800","주미령"
"2801","주성치"
"2802","주연평"
"2803","주지홍"
"2804","주현량"
"2805","줄리 델피"
"2806","줄리 베나스라"
"2807","줄리 베르투첼리"
"2808","줄리 앤 로빈슨"
"2809","줄리 테이머"
"2810","줄리아 리"
"2811","줄리앙 마그넷"
"2812","줄리앙 슈나벨"
"2813","줄리앙 카본"
"2814","줄리언 재롤드"
"2815","줄리언 템플"
"2816","줄리언 파리노"
"2817","쥬세페 토르나토레"
"2818","증지위"
"2819","지길웅"
"2820","지넴 사카오글루"
"2821","지리 멘젤(이리 멘첼)"
"2822","지미 헤이워드"
"2823","지민"
"2824","지아 장 커"
"2825","지안카를로 델모나코"
"2826","지영수"
"2827","지오르고스 란디모스"
"2828","지오바니 베로네시"
"2829","지오지오 세라피니"
"2830","지율"
"2831","지저스 가라이"
"2832","지하진"
"2833","지호 리"
"2834","진 듀발"
"2835","진가상"
"2836","진가신"
"2837","진광교"
"2838","진국부"
"2839","진노 후토시"
"2840","진달래"
"2841","진덕삼"
"2842","진목승"
"2843","진소진"
"2844","진승현"
"2845","진재운"
"2846","진형태"
"2847","진훈기"
"2848","질 부르도스"
"2849","질로 폰테코르보"
"2850","질리안 암스트롱"
"2851","질스 파겟-브레너"
"2852","짐 미클"
"2853","짐 믹클"
"2854","짐 손제로"
"2855","짐 쉐리단"
"2856","짐 위노스키"
"2857","짐 자무시"
"2858","짐 콜버그"
"2859","짐 클리프"
"2860","짐 펄"
"2861","짐 필드 스미스"
"2862","차이 밍 량"
"2863","찰리 스트레이턴"
"2864","찰리 카우프만"
"2865","찰리 폴"
"2866","찰리 프리드릭스"
"2867","찰스 가드"
"2868","찰스 댄스"
"2869","찰스 마틴 스미스"
"2870","찰스 샤이어"
"2871","찰스 윙클러"
"2872","찰스 퍼거슨"
"2873","찰스 허먼-움펠드"
"2874","창"
"2875","채기"
"2876","채명량"
"2877","채악훈"
"2878","채즈 팔민테리"
"2879","채희창"
"2880","천세환"
"2881","천정훈"
"2882","청펀펀"
"2883","첸 진"
"2884","첸 카이거"
"2885","최경진"
"2886","최동훈"
"2887","최석원"
"2888","최성철"
"2889","최승호"
"2890","최시형"
"2891","최양일"
"2892","최영석"
"2893","최용석"
"2894","최원경"
"2895","최원섭"
"2896","최위안"
"2897","최익환"
"2898","최종운"
"2899","최종태"
"2900","최종현"
"2901","최지영"
"2902","최진성"
"2903","최진원"
"2904","최진호"
"2905","최필곤"
"2906","최하동하"
"2907","최현묵"
"2908","최호"
"2909","추창민"
"2910","츠루 토시요키"
"2911","츠루마키 카즈야"
"2912","츠루하시 야스오"
"2913","츠보타 요시후미"
"2914","츠지 하츠키"
"2915","츠츠미 유키히코"
"2916","츠카모토 렌페이"
"2917","츠카모토 신야"
"2918","치기라 코이치"
"2919","치로 카펠라리"
"2920","치바 세이지"
"2921","치즈카 코이치"
"2922","카나자와 유우타"
"2923","카나자와 카츠지"
"2924","카네다 타카시"
"2925","카네수구 코다마"
"2926","카네코 슈스케"
"2927","카라독 제임스"
"2928","카란 조하르"
"2929","카렌 몬크리프"
"2930","카렌 샤크나자로브"
"2931","카롤린느 샹페티에"
"2932","카를레스 토라스"
"2933","카를로 미라벨라 데이비스"
"2934","카를로 푸스코"
"2935","카를로스 레이가다스"
"2936","카를로스 사우라"
"2937","카를로스 살다나"
"2938","카를로스 알론소"
"2939","카린느 타르디유"
"2940","카메가키 하지메"
"2941","카메론 크로우"
"2942","카메이 토루"
"2943","카메이 토오루"
"2944","카모가와 테츠로"
"2945","카미노 후토시"
"2946","카미야마 켄지"
"2947","카밀 들라마레"
"2948","카베 자헤디"
"2949","카사기 노조무"
"2950","카스퍼 바포드"
"2951","카시 레몬즈"
"2952","카와고에 준"
"2953","카와구치 케이이치로"
"2954","카와노 고우시"
"2955","카와노 코지"
"2956","카와무라 야스히로"
"2957","카와무라 키요토"
"2958","카와사키 히로유키"
"2959","카와세 토시후미"
"2960","카와시마 나오미"
"2961","카와하라 마사아키"
"2962","카이 델벤탈"
"2963","카일 발다"
"2964","카챠 본 가르니에"
"2965","카츠 리이치"
"2966","카타부치 스나오"
"2967","카타오카 슈지"
"2968","카토 타카오"
"2969","카트린느 브레이야"
"2970","카티아 런드"
"2971","칸 테츠"
"2972","칸바라 나오토"
"2973","칸바라 이구토"
"2974","칸바라 이쿠토"
"2975","칸치쿠 유리"
"2976","칼 베사이"
"2977","칼 프랭클린"
"2978","칼레드 알 하가르"
"2979","캐롤 리드"
"2980","캐롤라인 앤스테이"
"2981","캐리 주스넌"
"2982","캐리 커크패트릭"
"2983","캐리 후쿠나가"
"2984","캐린 쿠사마"
"2985","캐서린 비글로우"
"2986","캐서린 오웬스"
"2987","캐서린 하드윅"
"2988","캐스퍼 반 디엔"
"2989","캘런 브런커"
"2990","캘빈 통"
"2991","캣 코이로"
"2992","커스틴 쉐리단"
"2993","커크 드 미코"
"2994","커크 존스"
"2995","커트 마틸라"
"2996","커트 위머"
"2997","커트 잉페어"
"2998","커티스 핸슨"
"2999","컨 색스톤"
"3000","케네스 맥밀란"
"3001","케네스 브래너"
"3002","케니 오테가"
"3003","케리 더글라스 다이"
"3004","케리 코란"
"3005","케빈 그루터트"
"3006","케빈 레이놀즈"
"3007","케빈 로드니 설리반"
"3008","케빈 리마"
"3009","케빈 맥도널드"
"3010","케빈 먼로"
"3011","케빈 브레이"
"3012","케빈 스미스"
"3013","케빈 스페이시"
"3014","케빈 카러웨이"
"3015","케빈 코스트너"
"3016","케빈 탄차로엔"
"3017","켄 로치"
"3018","켄 스콧"
"3019","켄 콰피스"
"3020","켈리 애스버리"
"3021","코나카 카즈야"
"3022","코너 맥퍼슨"
"3023","코디 자렛"
"3024","코디 카메론"
"3025","코르넬 문드럭초"
"3026","코르넬리우 포룸보이우"
"3027","코리 에드워즈"
"3028","코미나미 토시야"
"3029","코바야시 츠네오"
"3030","코스타 가브라스"
"3031","코스타 페드로"
"3032","코우야 타다시"
"3033","코이즈미 노리히로"
"3034","코이케 타케시"
"3035","코지마 마사유키"
"3036","코토 코이치"
"3037","코트니 솔로몬"
"3038","콘래드 베논"
"3039","콘래드 잭슨"
"3040","콘스탄틴 막시모프"
"3041","콜 맥케이"
"3042","콜린 너트리"
"3043","콜린 데이비스"
"3044","콜린 스트라우스"
"3045","콜린 스트로즈"
"3046","콜린 트레보로우"
"3047","콤핀 켐군니르드"
"3048","콩데이 자투라나사미"
"3049","쿄고쿠 타다시"
"3050","쿄우야 타다시"
"3051","쿠니 사와"
"3052","쿠니자와 미노루"
"3053","쿠로사기 히로시"
"3054","쿠마자와 나오토"
"3055","쿠보 토모히로"
"3056","쿠보데라 카즈토"
"3057","쿠보오카 토시유키"
"3058","쿠스바 고조"
"3059","쿠엔틴 리"
"3060","쿠엔틴 타란티노"
"3061","크레이그 로젠버그"
"3062","크레이그 마진"
"3063","크레이그 조벨"
"3064","크레이그 질레스피"
"3065","크리사나퐁 라차타"
"3066","크리스 고락"
"3067","크리스 그래험"
"3068","크리스 나흔"
"3069","크리스 누난"
"3070","크리스 답킨스"
"3071","크리스 리노드"
"3072","크리스 무어"
"3073","크리스 밀러"
"3074","크리스 버틀러"
"3075","크리스 벅"
"3076","크리스 벨"
"3077","크리스 샌더스"
"3078","크리스 시버트슨"
"3079","크리스 웨이츠"
"3080","크리스 웻지"
"3081","크리스 윌리엄스"
"3082","크리스 카터"
"3083","크리스 컬럼버스"
"3084","크리스 켄티스"
"3085","크리스 크라우스"
"3086","크리스 피언"
"3087","크리스찬 두가이"
"3088","크리스찬 슈뵈초브"
"3089","크리스찬 카리온"
"3090","크리스찬 커트 바이스"
"3091","크리스쳔 포르테"
"3092","크리스토퍼 N 로우리"
"3093","크리스토퍼 놀란"
"3094","크리스토퍼 레이"
"3095","크리스토퍼 로빈 콜린스"
"3096","크리스토퍼 맥쿼리"
"3097","크리스토퍼 메놀"
"3098","크리스토퍼 부"
"3099","크리스토퍼 스미스"
"3100","크리스토퍼 스펜서"
"3101","크리스토퍼 애슐리"
"3102","크리스토퍼 파라티에"
"3103","크리스토프 갱스"
"3104","크리스토프 슐링엔지프"
"3105","크리스토프 오노레"
"3106","크리스티 푸이유"
"3107","크리스티나 부오지테"
"3108","크리스티아노 보르토네"
"3109","크리스티안 E.크리스티안센"
"3110","크리스티안 몰리나"
"3111","크리스티안 문쥬"
"3112","크리스티안 비세글리아"
"3113","크리스티안 펫졸드"
"3114","크리스티안 히메네즈"
"3115","크리스티앙 문주"
"3116","크리스틴 제프스"
"3117","크리티앙 알버트"
"3118","클라우디오 파"
"3119","클라우스 해로"
"3120","클락 존슨"
"3121","클레르 드니"
"3122","클레망 비고"
"3123","클레망 우브르리"
"3124","클레이 홀"
"3125","클로드 피노토"
"3126","클로디아 로사"
"3127","클로딘 누가레"
"3128","클린트 이스트우드"
"3129","키넌 아이보리 웨이언스"
"3130","키리야 카즈아키"
"3131","키세 카즈치카"
"3132","키엔체 노르부"
"3133","키오니 왁스먼"
"3134","키자키 후미노리"
"3135","키타가와 에리코"
"3136","킴 베스"
"3137","킴 사르닐루오토"
"3138","킴블 렌달"
"3139","타나다 유키"
"3140","타니구치 고로"
"3141","타니구치 마사키"
"3142","타니아 웩슬러"
"3143","타니트 지트나쿤"
"3144","타다 슌스케"
"3145","타라 존스"
"3146","타라 퍼니아"
"3147","타무라 고우노"
"3148","타무라 타카유키"
"3149","타셈 싱"
"3150","타소스 불메티스"
"3151","타위랍 스리우티윙스"
"3152","타일러 페리"
"3153","타지리 유지"
"3154","타치바나 마사키"
"3155","타카오미 오가타"
"3156","타카타 마사히로"
"3157","타카하라 히데카즈"
"3158","타카하시 반메이"
"3159","타카하시 와타루"
"3160","타케 마사하루"
"3161","타케모토 노보루"
"3162","타케모토 야스히로"
"3163","타케시타 켄이치"
"3164","타케우치 요시오"
"3165","타케우치 히데키"
"3166","타케키요 히토시"
"3167","타키모토 토모유키"
"3168","타키타 요지로"
"3169","태미 추"
"3170","태준식"
"3171","테라모토 유키요"
"3172","테렌스 맬릭"
"3173","테리 길리엄"
"3174","테리 조지"
"3175","테리 존스"
"3176","테리 커닝햄"
"3177","테오 앙겔로풀로스"
"3178","테이트 테일러"
"3179","테일러 핵포드"
"3180","테즈카 마코토"
"3181","테츠히사 네즈"
"3182","토가시 신"
"3183","토노 에란도"
"3184","토니 갓리프"
"3185","토니 골드윈"
"3186","토니 기글리오"
"3187","토니 길로이"
"3188","토니 리치"
"3189","토니 마이어스"
"3190","토니 빌"
"3191","토니 스콧"
"3192","토니 자"
"3193","토니 케이"
"3194","토니 크란츠"
"3195","토니 탕"
"3196","토도 채프카노브"
"3197","토드 그라프"
"3198","토드 로빈슨"
"3199","토드 벨란카"
"3200","토드 에드워즈"
"3201","토드 윌리엄스"
"3202","토드 필드"
"3203","토드 필립스"
"3204","토드 헤인즈"
"3205","토리이 야즈"
"3206","토마스 매카시"
"3207","토마스 베주커"
"3208","토마스 보덴스타인"
"3209","토마스 보르히 닐슨"
"3210","토마스 빈터베르그"
"3211","토마스 빌룸 옌센"
"3212","토마스 알프레드슨"
"3213","토마스 자보"
"3214","토마스 하우엘"
"3215","토머스 딕슨"
"3216","토머스 카터"
"3217","토모마츠 나오유키"
"3218","토모마치 나오유키"
"3219","토미 위르콜라"
"3220","토미나가 마사노리"
"3221","토미오카 타다후미"
"3222","토비 윌킨스"
"3223","토비 젠켈"
"3224","토비아스 폴크"
"3225","토아 프레이저"
"3226","토코로 카츠미"
"3227","톰 듀이"
"3228","톰 디실로"
"3229","톰 디칠로"
"3230","톰 루"
"3231","톰 맥그라스"
"3232","톰 맥카시"
"3233","톰 바우건"
"3234","톰 본"
"3235","톰 새디악"
"3236","톰 칼린"
"3237","톰 튀크베어"
"3238","톰 티크베르"
"3239","톰 퍼트남"
"3240","톰 포드"
"3241","톰 행크스"
"3242","톰 후퍼"
"3243","트란 안 홍"
"3244","트레비스 포트"
"3245","트레이 스톡스"
"3246","트로이 닉시"
"3247","트로이 크리스찬"
"3248","트룩 찰리 응우엔"
"3249","트리스탄 바우에르"
"3250","트리시 시에"
"3251","티 웨스트"
"3252","티모 부오렌솔라"
"3253","티무르 베크맘베토브"
"3254","티보 타카스"
"3255","티에리 라고베르트"
"3256","티에리 피안타니다"
"3257","틸 슈바이거"
"3258","팀 맥칸라이즈"
"3259","팀 버튼"
"3260","팀 설리반"
"3261","팀 스토리"
"3262","팀 존슨"
"3263","팀 힐"
"3264","파라 칸"
"3265","파로키 하룬"
"3266","파르한 악타르"
"3267","파브리지오 코스타"
"3268","파블로 베르헤르"
"3269","파비앙 콩스탕트"
"3270","파스칼 로지에"
"3271","파스칼 쇼메유"
"3272","파스칼 페랑"
"3273","파스칼 포자두"
"3274","파스칼 헤롤드"
"3275","파온 찬드라시리"
"3276","파올라 바로니"
"3277","파올로 벤베누티"
"3278","파올로 비르지"
"3279","파올로 소렌티노"
"3280","파올로 타비아니"
"3281","파올로 프란키"
"3282","파우스토 브리찌"
"3283","파울 슈마츠니"
"3284","파웰 파울리코우스키"
"3285","파윈 푸리킷판야"
"3286","파코 플라자"
"3287","파트리샤 리겐"
"3288","파트리스 르꽁트"
"3289","파트시 아메즈쿠아"
"3290","파티 아킨"
"3291","팍품 웡품"
"3292","판 나린"
"3293","판나 리티크라이"
"3294","팡호청"
"3295","패드레이그 레이놀즈"
"3296","패디 콘시딘"
"3297","패트리스 셰로"
"3298","패트릭 라이언 심즈"
"3299","패트릭 루지어"
"3300","패트릭 알레산드렝"
"3301","패트릭 타투포우로스"
"3302","패트릭 휴즈"
"3303","팰림 맥더모트"
"3304","팻티 젠킨스"
"3305","펑샤오강"
"3306","페데리코 모시아"
"3307","페드로 곤잘레즈-루비오"
"3308","페드로 알모도바르"
"3309","페레 포르타벨라"
"3310","페르난도 메이렐레스"
"3311","페르난도 코임브라"
"3312","페르난도 콜로모"
"3313","페르난도 트루에바"
"3314","페르잔 오즈페텍"
"3315","페리 반달"
"3316","페브릭 카네파"
"3317","페오 알라다그"
"3318","페이튼 리드"
"3319","페테르 내스"
"3320","페트르 큐빅"
"3321","페트리 코트비카"
"3322","펜엑 라타나루앙"
"3323","펜튼 베일리"
"3324","펠릭스 반 그로에니겐"
"3325","펫챠이 왕캄라오"
"3326","폭스 존"
"3327","폴 J. 볼거"
"3328","폴 W.S. 앤더슨"
"3329","폴 그린그래스"
"3330","폴 마예다 베르제"
"3331","폴 맥기건"
"3332","폴 모리슨"
"3333","폴 버호벤"
"3334","폴 브률스"
"3335","폴 사피아노"
"3336","폴 쉐어링"
"3337","폴 슈레이더"
"3338","폴 앤드류 윌리엄스"
"3339","폴 웨이랜드"
"3340","폴 웨이츠"
"3341","폴 질러"
"3342","폴 토마스 앤더슨"
"3343","폴 페이그"
"3344","폴 해기스"
"3345","퐁파트 와치라번종"
"3346","표도르 본다르추크"
"3347","표만석"
"3348","풍덕륜"
"3349","프라차야 핀카엡"
"3350","프라챠 핀카엡"
"3351","프라파스 콜사라논"
"3352","프란시스 닐슨"
"3353","프란시스 로렌스"
"3354","프란지스카 부쉬"
"3355","프란지스카 스콜로터러"
"3356","프란체스카 무치"
"3357","프란체스카 조셉"
"3358","프란트 궈"
"3359","프랑소와 오종"
"3360","프랑수아 트뤼포"
"3361","프랑시스 베베르"
"3362","프랑코 제페렐리"
"3363","프랑코 제피렐리"
"3364","프랭크 A 카펠로"
"3365","프랭크 가스탐비드"
"3366","프랭크 다라본트"
"3367","프랭크 마샬"
"3368","프랭크 밀러"
"3369","프랭크 오즈"
"3370","프랭크 칼폰"
"3371","프랭크 코라치"
"3372","프랭크 패싱햄"
"3373","프레더릭 포레스티에"
"3374","프레더릭 폰테인"
"3375","프레데릭 베그베데"
"3376","프레데릭 와이즈만"
"3377","프레데릭쟈댕"
"3378","프레드 쉐피시"
"3379","프레드 올렌 레이"
"3380","프레드 카바예"
"3381","프레드랙 안토니제빅"
"3382","프레드릭 본드"
"3383","프레드릭 에쉬톤"
"3384","프레디 M 뮤러"
"3385","프루트 챈"
"3386","프리드릭 토르 프리드릭슨"
"3387","플렉스 할그렌"
"3388","플로랑 에밀리오 시리"
"3389","플로렝 드 라 툴라예"
"3390","플로렝 에밀리오 시리"
"3391","플로리아 시지스몬디"
"3392","플로리안 갈렌베르거"
"3393","플로리안 헨켈 폰 도너스마르크"
"3394","피셔 스티븐스"
"3395","피에그 루이기 사마라타니"
"3396","피에로 파기오니"
"3397","피에르 모렐"
"3398","피에르 살바도리"
"3399","피에르 소레톤"
"3400","피에르 코핀"
"3401","피에르 파올로 파졸리니"
"3402","피오나 고든"
"3403","피터 가이거"
"3404","피터 게르시나"
"3405","피터 도드"
"3406","피터 랜즈먼"
"3407","피터 램지"
"3408","피터 레페니오티스"
"3409","피터 뮬란"
"3410","피터 버그"
"3411","피터 빌링슬레이"
"3412","피터 스테인"
"3413","피터 시걸"
"3414","피터 얀 브루게"
"3415","피터 웨버"
"3416","피터 위어"
"3417","피터 잭슨"
"3418","피터 첼섬"
"3419","피터 카타네오"
"3420","피터 콘웰"
"3421","피터 팀"
"3422","피터 패럴리"
"3423","피터 하이암스"
"3424","피터 헤지스"
"3425","피터 호윗"
"3426","피터 휴익"
"3427","피터 휴잇"
"3428","피토프"
"3429","피트 닥터"
"3430","피트 트래비스"
"3431","필 로드"
"3432","필 모리슨"
"3433","필국지"
"3434","필리다 로이드"
"3435","필리페 를루슈"
"3436","필리프 팔라도"
"3437","필립 G. 애트웰"
"3438","필립 가렐"
"3439","필립 그로닝"
"3440","필립 노이스"
"3441","필립 렝크"
"3442","필립 리오레"
"3443","필립 뮬"
"3444","필립 슈톨츨"
"3445","필립 카델바흐"
"3446","필립 카우프만"
"3447","필립 칼드롱"
"3448","필립 클로델"
"3449","하갈 벤 애셔"
"3450","하기호"
"3451","하나 마흐말바프"
"3452","하나도 준지"
"3453","하나부사 츠토무"
"3454","하니 아부 아사드"
"3455","하디 하자이그"
"3456","하라 케이이치"
"3457","하라다 마사토"
"3458","하마나 타카유키"
"3459","하명중"
"3460","하모니 코린"
"3461","하바라 노부유시"
"3462","하비에르 루이즈 칼데라"
"3463","하비에르 마리스칼"
"3464","하세가와 타다유키"
"3465","하스미 에이이치로"
"3466","하시구치 료스케"
"3467","하시모토 마사카즈"
"3468","하시모토 하지메"
"3469","하야토 다테"
"3470","하우메 발라게로"
"3471","하우메 콜렛 세라"
"3472","하워드 E.베이커"
"3473","하워드 더치"
"3474","하워드 베이커"
"3475","하원준"
"3476","하이파 알-만수르"
"3477","하정우"
"3478","하평"
"3479","한동욱"
"3480","한동호"
"3481","한명구"
"3482","한상민"
"3483","한상호"
"3484","한상희"
"3485","한소준"
"3486","한스 바인가르트너"
"3487","한스 카노사"
"3488","한스 퍼크"
"3489","한승룡"
"3490","한승림"
"3491","한승훈"
"3492","한언덕"
"3493","한윤선"
"3494","한재림"
"3495","한종훈"
"3496","한지승"
"3497","한지원"
"3498","한지혜"
"3499","한학수"
"3500","한혜진"
"3501","함경록"
"3502","핫토리 미츠노리"
"3503","해럴드 즈워트"
"3504","허셜 파버"
"3505","허안화"
"3506","허우 샤오시엔"
"3507","허원"
"3508","허은희"
"3509","허인무"
"3510","허재형"
"3511","허정"
"3512","허종호"
"3513","허진호"
"3514","허철"
"3515","허태정"
"3516","헤르민 훈트게르부르스"
"3517","헤이든 쉬로스버그"
"3518","헥터 바벤코"
"3519","헨닝 칼슨"
"3520","헨리 셀릭"
"3521","헨리 알렉스 루빈"
"3522","헨리 유스트"
"3523","헬레네 지라드"
"3524","헬렌 헌트"
"3525","헬마 잔더스-브람스"
"3526","헬머 피셔"
"3527","헬무트 디틀"
"3528","호 메이"
"3529","호거 태프"
"3530","호라이 타다아키"
"3531","호라티우 말라엘"
"3532","호르모즈"
"3533","호르헤 블랑코"
"3534","호리에 케이"
"3535","호리우치 히로시"
"3536","호리키리조노 켄타로"
"3537","호베흐또 가흐제이휴"
"3538","호세 가르시아"
"3539","호세 잠브라노 카셀라"
"3540","호세 파딜라"
"3541","호세인 아미니"
"3542","호셉 포조"
"3543","호소다 마모루"
"3544","호소다 마사히로"
"3545","호요휘"
"3546","호우 라충소"
"3547","호이트 예이트만"
"3548","혼다 류이치"
"3549","혼다 칸스케"
"3550","홍금보"
"3551","홍기선"
"3552","홍덕표"
"3553","홍동명"
"3554","홍리경"
"3555","홍상수"
"3556","홍성훈"
"3557","홍영근"
"3558","홍은지"
"3559","홍재희"
"3560","홍지영"
"3561","홍지유"
"3562","홍현기"
"3563","홍형숙"
"3564","황규덕"
"3565","황동혁"
"3566","황명승"
"3567","황병국"
"3568","황석호"
"3569","황수아"
"3570","황승재"
"3571","황유식"
"3572","황윤"
"3573","황인호"
"3574","황정보"
"3575","황조권"
"3576","황철민"
"3577","황희성"
"3578","후고 데 아나"
"3579","후나하시 아츠시"
"3580","후루마야 토모유키"
"3581","후루사와 다케시"
"3582","후미히로 요시무라"
"3583","후안 드라고"
"3584","후안 디에고 솔라나스"
"3585","후안 마르티네즈 모레노"
"3586","후안 안토니오 바요나"
"3587","후안 카를로스 프레스나딜로"
"3588","후안 타라투토"
"3589","후안 호세 캄파넬라"
"3590","후앙 카를로스 메디나"
"3591","후인 루"
"3592","후지로 미치시"
"3593","후지모리 마사야"
"3594","후지와라 켄이치"
"3595","후지와라 타카시"
"3596","후지타 요스케"
"3597","후카가와 요시히로"
"3598","후카사쿠 켄타"
"3599","후카사쿠 킨지"
"3600","후쿠다 유이치"
"3601","후쿠오카 요시호"
"3602","후효현"
"3603","훌리오 메뎀"
"3604","히가시 요이치"
"3605","히구치 신지"
"3606","히라노 토시키"
"3607","히라마츠 에미코"
"3608","히라바야시 이사무"
"3609","히라오 타카유키"
"3610","히로키 류이치"
"3611","히로타 미키오"
"3612","히시다 마사카즈"
"3613","히암 압바스"
"3614","히즈엠티 선교회"
"3615","힐데 반 미에그헴"
