"","Movie_Title"
"1","007 스카이폴"
"2","007 카지노 로얄"
"3","007 퀀텀 오브 솔러스"
"4","009 사이보그 "
"5","10 아이템 오어 레스"
"6","10,000 BC"
"7","100 피트"
"8","10분"
"9","10억"
"10","10일간의 원나잇 스탠드"
"11","127시간"
"12","13 자메티"
"13","13구역"
"14","13구역: 얼티메이텀"
"15","13일의 금요일"
"16","1408"
"17","1724 기방난동사건"
"18","18: 우리들의 성장 느와르"
"19","19-Nineteen"
"20","1999, 면회"
"21","19곰 테드"
"22","1번가의 기적"
"23","2 데이즈 인 뉴욕"
"24","20 30 40"
"25","2008 서태지 심포니 위드 톨가 카쉬프 로열필하모닉"
"26","2012"
"27","2014 베를린 필하모닉 발트뷔네 콘서트"
"28","2046"
"29","20세기 소년"
"30","20세기 소년-제2장: 마지막 희망"
"31","21"
"32","21 그램"
"33","22 블렛"
"34","24 시티"
"35","26년"
"36","27번의 결혼리허설"
"37","2AM SHOW"
"38","2월 29일 - 어느날 갑자기 첫번째 이야기"
"39","3-4X10월"
"40","3:10 투 유마"
"41","300"
"42","300: 제국의 부활"
"43","3xFTM"
"44","4 브라더스"
"45","4.4.4"
"46","40살까지 못해본 사람"
"47","48미터"
"48","4개월, 3주... 그리고 2일"
"49","4교시 추리영역"
"50","4요일: 자살을 부르는 요일"
"51","50/50"
"52","500일의 썸머"
"53","577 프로젝트"
"54","5x2"
"55","5백만불의 사나이"
"56","5월의 구름"
"57","5쿼터"
"58","69 식스티 나인"
"59","6년째 연애중"
"60","6월의 뱀"
"61","6월의 일기"
"62","7광구"
"63","7급 공무원"
"64","7번방의 선물"
"65","7월 32일"
"66","80일간의 세계 일주"
"67","88분"
"68","8월의 일요일들"
"69","8인: 최후의 결사단"
"70","9:나인"
"71","A-특공대"
"72","BB프로젝트"
"73","B형 남자친구"
"74","CJ7:장강7호"
"75","D-day-어느날 갑자기 세번째 이야기"
"76","DMZ, 비무장지대"
"77","DOA"
"78","G-포스: 기니피그 특공대"
"79","GP 506"
"80","I AM"
"81","Jam Docu 강정"
"82","MB의 추억"
"83","MR. 후아유"
"84","Mr.로빈 꼬시기"
"85","Mr.스타벅"
"86","Mr.아이돌"
"87","Mr.히치: 당신을 위한 데이트 코치"
"88","P.S. 아이 러브 유"
"89","pm 11:14"
"90","R.I.P.D. : 알.아이.피.디."
"91","R2B: 리턴투베이스"
"92","REC 알이씨"
"93","S 다이어리"
"94","S 중독자의 고백"
"95","SM작가"
"96","SX 테잎"
"97","S러버"
"98","U.F.O."
"99","가구야공주 이야기"
"100","가까이서 본기차"
"101","가능한 변화들"
"102","가디언"
"103","가디언의 전설"
"104","가디언즈"
"105","가디언즈 오브 갤럭시"
"106","가루지기"
"107","가면"
"108","가면무도회"
"109","가문의 부활 - 가문의 영광3"
"110","가문의 영광4 - 가문의 수난"
"111","가문의 영광5 - 가문의 귀환"
"112","가문의 위기(가문의 영광2)"
"113","가발"
"114","가부와 메이 이야기"
"115","가비"
"116","가시"
"117","가시꽃"
"118","가을 소나타"
"119","가을로"
"120","가자! 장미여관으로 2 - 갈증"
"121","가자, 장미여관으로"
"122","가장 따뜻한 색, 블루"
"123","가족"
"124","가족상속괴담"
"125","가족시네마"
"126","가족의 나라"
"127","가족의 탄생"
"128","가필드"
"129","가필드-마법의 샘물"
"130","가필드 2"
"131","가필드 펫 포스 3D"
"132","각설탕"
"133","간 큰 가족"
"134","간기남"
"135","간첩"
"136","간츠"
"137","간츠: 퍼펙트 앤서"
"138","갇힌 여인"
"139","감기"
"140","감시자들"
"141","감자심포니"
"142","갓센드"
"143","갓파 쿠와 여름방학을"
"144","강력 3반"
"145","강령"
"146","강시: 리거모티스"
"147","강적"
"148","강철대오:구국의 철가방"
"149","강철의 연금술사 : 미로스의 성스러운 별"
"150","강철중: 공공의 적 1-1"
"151","강호"
"152","개구리중사 케로로"
"153","개구쟁이 스머프"
"154","개구쟁이 스머프 2"
"155","개들의 전쟁"
"156","개똥이"
"157","개와 늑대 사이의 시간"
"158","갬빗"
"159","거꾸로 된 파테마"
"160","거룩한 계보"
"161","거미숲"
"162","거북이 달린다"
"163","거북이도 난다"
"164","거지의 오페라"
"165","거짓말 섹스가 좋아2"
"166","거친 녀석들"
"167","거칠마루"
"168","거침없이 쏴라! 슛뎀업 "
"169","건"
"170","건축학개론"
"171","걸리버 여행기"
"172","걸스카우트"
"173","걸어도 걸어도"
"174","걸프렌즈"
"175","검우강호"
"176","검은 땅의 소녀와"
"177","검은 집"
"178","겁나는 여친의 완벽한 비밀"
"179","게드전기 : 어스시의 전설"
"180","게스후"
"181","게이머"
"182","게이샤의 추억"
"183","겟 스마트"
"184","겟 썸"
"185","겨울나비"
"186","겨울냄새"
"187","겨울왕국"
"188","결정적 한방"
"189","결혼식 후에"
"190","결혼전야"
"191","결혼하고도 싱글로 남는법"
"192","경"
"193","경계"
"194","경계도시 2"
"195","경복"
"196","경의선"
"197","경주"
"198","경축! 우리사랑"
"199","계몽영화"
"200","고 녀석 맛나겠다"
"201","고,보이즈!:마지막 잎새 사수 프로젝트"
"202","고갈"
"203","고고 70"
"204","고독이 몸부림칠 때"
"205","고래를 찾는 자전거"
"206","고래와 창녀"
"207","고령화 가족"
"208","고백"
"209","고死 : 피의 중간고사"
"210","고死 두 번째 이야기: 교생실습"
"211","고스톱 살인"
"212","고스트 라이더"
"213","고스트 라이더 : 복수의 화신"
"214","고스트 메신저 극장판"
"215","고스트 킬러: 모니카"
"216","고스트: 보이지 않는 사랑"
"217","고야의 유령"
"218","고양이 춤"
"219","고양이: 죽음을 보는 두 개의 눈"
"220","고양이를 빌려드립니다"
"221","고지전"
"222","고질라"
"223","고티카"
"224","고하토"
"225","곤충왕국 3D"
"226","골!"
"227","골든 슬럼버"
"228","골든 에이지"
"229","곰이 되고 싶어요"
"230","공각기동대 S.A.C - Solid State Society"
"231","공각기동대 어라이즈 보더 1: 고스트 페인"
"232","공각기동대 어라이즈 보더: 2 고스트 위스퍼스"
"233","공공의 적 2"
"234","공기인형"
"235","공모자들"
"236","공범"
"237","공자 춘추전국시대"
"238","공작부인:세기의 스캔들"
"239","공정사회"
"240","공주와 개구리"
"241","공필두"
"242","과거가 없는 남자"
"243","과거는 낯선 나라다"
"244","과속스캔들"
"245","관계"
"246","관능의 법칙"
"247","관상"
"248","관타나모로 가는 길"
"249","광대를 위한 슬픈 발라드"
"250","광식이 동생 광태"
"251","광해, 왕이 된 남자"
"252","괜찮아 3반"
"253","괜찮아 울지마"
"254","괴물"
"255","구구는 고양이다"
"256","구르믈 버서난 달처럼"
"257","구름의 남쪽"
"258","구미호 가족"
"259","구세주"
"260","구세주 2"
"261","구타유발자들"
"262","구화영웅"
"263","국가대표"
"264","국경의 남쪽"
"265","군도: 민란의 시대"
"266","군사통제구역 팔이공지대"
"267","굿'바이"
"268","굿 럭 척"
"269","굿 우먼"
"270","굿나잇"
"271","굿나잇 앤 굿럭"
"272","굿닥터"
"273","굿모닝 맨하탄"
"274","굿모닝 에브리원"
"275","굿모닝 프레지던트"
"276","굿모닝, 나잇"
"277","굿바이 그레이스"
"278","굿바이 보이"
"279","굿바이 초콜릿"
"280","굿바이 홈런"
"281","굿바이, 평양"
"282","굿셰퍼드"
"283","궁녀"
"284","권법 쿵푸의 신"
"285","권순분여사 납치사건"
"286","권태"
"287","궤도"
"288","귀 鬼"
"289","귀를 기울이면"
"290","귀신을 보는 눈: 동안"
"291","귀신이 산다"
"292","귀없는 토끼"
"293","귀여워"
"294","귀향"
"295","그 강아지 그 고양이"
"296","그 남자가 아내에게"
"297","그 남자의 사랑법"
"298","그 남자의 책 198쪽"
"299","그 사람 추기경"
"300","그 시절, 우리가 좋아했던 소녀"
"301","그 여름 가장 조용한 바다"
"302","그 여자 그 남자의 속사정"
"303","그 여자 작사 그 남자 작곡"
"304","그 참을 수 없는 맛"
"305","그날 본 꽃의 이름을 우리는 아직 모른다"
"306","그녀"
"307","그녀가 떠날 때"
"308","그녀가 부른다"
"309","그녀는 날 싫어해"
"310","그녀는 예뻤다"
"311","그녀는 요술쟁이"
"312","그녀들의 방"
"313","그녀를 모르면 간첩"
"314","그녀를 믿지 마세요"
"315","그놈 목소리"
"316","그놈은 멋있었다"
"317","그는 당신에게 반하지 않았다"
"318","그대를 사랑합니다"
"319","그댄 나의 뱀파이어"
"320","그들 각자의 영화관"
"321","그때 거기 있었습니까?"
"322","그때 그 사람들"
"323","그랑블루 리마스터링 감독판"
"324","그랑프리"
"325","그래도 내가 하지 않았어"
"326","그래비티"
"327","그랜 토리노"
"328","그랜드 부다페스트 호텔"
"329","그랜드 피아노"
"330","그렇게 아버지가 된다"
"331","그레이브 인카운터"
"332","그레이스 오브 모나코"
"333","그레이시 스토리"
"334","그레이트 뷰티"
"335","그루지"
"336","그루지 2"
"337","그루지 3"
"338","그르바비차"
"339","그리고 싶은 것"
"340","그리스 로마신화 - 올림포스 가디언 - 기간테스 대역습"
"341","그린 존"
"342","그린 호넷"
"343","그린랜턴: 반지의 선택"
"344","그림자"
"345","그림자 살인"
"346","그림자 애인"
"347","그림형제 : 마르바덴 숲의 전설"
"348","그을린 사랑"
"349","그해 여름"
"350","극락도 살인사건"
"351","극장전"
"352","극장판 가면라이더 VS 파워레인저 슈퍼히어로 대전"
"353","극장판 꽃이 피는 첫걸음 : 홈 스위트 홈"
"354","극장판 나루토 질풍전: 로드 투 닌자"
"355","극장판 날아라! 호빵맨 : 바나나섬을 되찾아줘"
"356","극장판 도라에몽: 진구와 기적의 섬 애니멀 어드벤처"
"357","극장판 도라에몽: 진구와 철인군단 날아라 천사들"
"358","극장판 도라에몽: 진구의 공룡대탐험"
"359","극장판 도라에몽: 진구의 비밀도구 박물관"
"360","극장판 도라에몽: 진구의 인어대해전"
"361","극장판 도라에몽:진구의 마계대모험 7인의 마법사"
"362","극장판 뛰뛰빵빵 구조대 미션: 둥둥이를 구하라!"
"363","극장판 루팡 3세 VS 명탐정 코난"
"364","극장판 마법소녀 마도카 마기카(전편): 시작의 이야기"
"365","극장판 마법소녀 마도카 마기카(후편): 영원의 이야기"
"366","극장판 메이저 : 우정의 강속구"
"367","극장판 메탈 베이블레이드 VS 태양 작열의 침략자 솔블레이즈"
"368","극장판 베르세르크: 황금 시대편Ⅲ ? 강림"
"369","극장판 슈타인즈 게이트: 부하영역의 데자뷰"
"370","극장판 썬더일레븐 GO VS 골판지 전사 W"
"371","극장판 썬더일레븐GO : 궁극의 우정 그리폰"
"372","극장판 아따맘마3D : 엄마는 초능력자"
"373","극장판 요술공주 밍키: 꿈 속의 윤무"
"374","극장판 유희왕 : 시공을 초월한 우정"
"375","극장판 쥬얼펫: 스위트댄스 프린세스"
"376","극장판 테니스의 왕자 : 영국식 테니스성 결전"
"377","극장판 토리코 : 미식신의 스페셜메뉴"
"378","극장판 파워레인저: 캡틴포스 VS 미라클포스 199 히어로 대결전 "
"379","극장판 포켓 몬스터 DP 「환영의 패왕 조로아크」"
"380","극장판 포켓몬스터 AG - 아름다운 소원의 별 지라치"
"381","극장판 포켓몬스터 베스트 위시 「비크티니와 흑의 영웅 제크로무」"
"382","극장판 포켓몬스터 베스트 위시「비크티니와 백의 영웅 레시라무」"
"383","극장판 포켓몬스터 베스트위시: 신의 속도 게노세크트, 뮤츠의 각성"
"384","극장판 포켓몬스터 베스트위시「메로엣타의 반짝반짝 음악회」"
"385","극장판 포켓몬스터 베스트위시「큐레무 VS 성검사 케르디오」"
"386","극장판 헌터X헌터 : 더 라스트 미션 "
"387","극장판 헌터X헌터 : 팬텀루즈"
"388","극장판: 타이거 앤 버니"
"389","극장판: 타이거 앤 버니 ?더 라이징-"
"390","극장판파워레인저 엔진포스VS 와일드스피릿"
"391","글래디에이터: 로마 영웅 탄생의 비밀 3D"
"392","글래디에이터: 로마 영웅 탄생의 비밀 3D 확장 감독판"
"393","글래스톤베리"
"394","글러브"
"395","글로리아"
"396","금발의 초원"
"397","금의위 : 14 검의 비밀"
"398","기다리다 미쳐"
"399","기담"
"400","기생령"
"401","기적의 오케스트라 - 엘 시스테마"
"402","기타가 웃는다"
"403","기프트"
"404","길"
"405","길위에서"
"406","김관장 대 김관장 대 김관장"
"407","김복남 살인사건의 전말"
"408","김씨표류기"
"409","김정일리아"
"410","김종욱 찾기"
"411","깃"
"412","까미유 끌로델"
"413","까밀 리와인드"
"414","까불지마"
"415","까칠한 그녀의 달콤한 연애비법"
"416","깔깔깔 희망버스"
"417","깡철이"
"418","꼬마 니콜라"
"419","꼬마 니콜라의 여름방학"
"420","꼬마마녀 요요와 네네"
"421","꼬마영웅 경찰차 프로디"
"422","꼬마영웅 경찰차 프로디2"
"423","꼭 껴안고 눈물 핑"
"424","꼭두각시"
"425","꽃미남 연쇄 테러 사건"
"426","꽃보다 남자"
"427","꽃비"
"428","꽃잎, 춤"
"429","꽃피는 봄이 오면"
"430","꿀벌 하치의 대모험"
"431","꿀벌대소동"
"432","꿈꾸는 카메라"
"433","꿈은 이루어진다"
"434","꿈의 공장"
"435","끌로끌로"
"436","끝과 시작"
"437","끝까지 간다"
"438","나 없는 내 인생"
"439","나가요 미스콜"
"440","나그네와 마술사"
"441","나나"
"442","나나나 : 여배우 민낯 프로젝트"
"443","나넬 모차르트"
"444","나누와 실라의 대모험"
"445","나는 갈매기"
"446","나는 공무원이다"
"447","나는 나를 파괴할 권리가 있다"
"448","나는 나비"
"449","나는 비와 함께 간다"
"450","나는 섹스중독자"
"451","나는 아빠다"
"452","나는 야한 여자가 좋다"
"453","나는 영국왕을 섬겼다"
"454","나는 왕이로소이다"
"455","나는 전설이다"
"456","나는 행복합니다"
"457","나는, 인어공주"
"458","나니아 연대기-사자,마녀 그리고 옷장"
"459","나니아 연대기: 새벽 출정호의 항해"
"460","나니아 연대기:캐스피언 왕자 "
"461","나두야 간다"
"462","나루토-대흥분 초승달 섬의 애니멀 소동(애니)"
"463","나루토 질풍전 극장판-불의 의지를 잇는 자"
"464","나루토 질풍전 극장판 4 - 더 로스트 타워"
"465","나루토 질풍전 극장판: 블러드 프리즌"
"466","나를 닮은 얼굴"
"467","나를 둘러싼 것들"
"468","나를 책임져, 알피"
"469","나무없는 산"
"470","나비와 바다"
"471","나비효과"
"472","나비효과 2"
"473","나비효과: 레버레이션"
"474","나쁜 교육"
"475","나쁜 놈이 더 잘 잔다"
"476","나쁜 여자"
"477","나쁜 이웃들 "
"478","나쁜 피"
"479","나스카 카레이싱3D"
"480","나에게 유일한"
"481","나에게서 온 편지"
"482","나오코"
"483","나우 유 씨 미 : 마술사기단"
"484","나우이즈굿 "
"485","나의 PS 파트너 "
"486","나의 결혼원정기"
"487","나의 노래는"
"488","나의 라임 오렌지 나무"
"489","나의 로맨틱 가이드"
"490","나의 마음은 지지 않았다"
"491","나의 선택-잊혀진 가방 그 못다한 이야기"
"492","나의 친구, 그의 아내"
"493","나의 특별한 사랑이야기"
"494","나의 판타스틱 데뷔작"
"495","나이트 버스"
"496","나이트 워치"
"497","나이트 플라이트"
"498","나이트메어"
"499","나이트폴"
"500","나인"
"501","나인 라이브즈"
"502","나인 야드 2"
"503","나잇&데이"
"504","나탈리"
"505","나폴레옹 토레스전투"
"506","낙원-파라다이스"
"507","날 미치게하는 남자"
"508","날나리 종부전"
"509","날아라 펭귄"
"510","날아라 허동구"
"511","날아라! 호빵맨 극장판: 구하라! 코코링과 기적의 별"
"512","날으는 돼지 - 해적 마테오"
"513","남극의 쉐프"
"514","남극일기"
"515","남영동1985"
"516","남자 대 여자: 섹스가 문제다"
"517","남자가 사랑할 때"
"518","남자들이 모르는 은밀한 것들"
"519","남자사용설명서"
"520","남주기 아까운 그녀"
"521","남쪽으로 간다"
"522","남쪽으로 튀어"
"523","낭만파 남편의 편지"
"524","낮술"
"525","낯선 여인과의 하루"
"526","내 곁에 있어줘"
"527","내 깡패 같은 애인"
"528","내 남자 길들이기"
"529","내 남자 친구는 왕자님"
"530","내 남자의 로맨스"
"531","내 남자의 순이"
"532","내 남자의 아내도 좋아"
"533","내 남자의 유통기한"
"534","내 눈에 콩깍지"
"535","내 머리 속의 지우개"
"536","내 미국 삼촌"
"537","내 사랑"
"538","내 사랑 내 곁에"
"539","내 생애 가장 아름다운 일주일"
"540","내 생애 최고의 데이트"
"541","내 생애 최악의 남자"
"542","내 슬픈 창녀들의 추억"
"543","내 아내의 남자친구"
"544","내 아내의 모든 것"
"545","내 여자의 남자친구"
"546","내 여자친구를 소개합니다"
"547","내 여자친구의 결혼식"
"548","내 연애의 기억"
"549","내 이름은 칸"
"550","내 인생의 마지막 변화구 "
"551","내 첫사랑을 너에게 바친다"
"552","내 청춘에게 고함"
"553","내 친구의 사생활"
"554","내 친구의 소원"
"555","내가 고백을 하면"
"556","내가 사는 피부"
"557","내가 살인범이다"
"558","내가 숨쉬는 공기"
"559","내가 찍은 그녀는 최고의 슈퍼스타"
"560","내겐 너무 사랑스러운 그녀"
"561","내니 다이어리"
"562","내니맥피-우리 유모는 마법사"
"563","내니맥피 2: 유모와마법소동"
"564","내부고발자"
"565","내부순환선"
"566","내비게이션"
"567","내사랑 싸가지"
"568","내셔널 트레져"
"569","내셔널 트레져:비밀의 책"
"570","내일의 기억"
"571","내일의 죠"
"572","냇 지오 주니어 무비"
"573","너는 내 운명"
"574","너는 펫"
"575","너를 보내는 숲"
"576","너를 잊지 않을 거야"
"577","너무 밝히는 소녀 알마"
"578","넘버23"
"579","넘버스 스테이션"
"580","넛잡: 땅콩 도둑들"
"581","네 번"
"582","네드 켈리"
"583","네모난원"
"584","네버 렛 미 고"
"585","네버다이 버터플라이"
"586","네버랜드를 찾아서"
"587","네버엔딩 스토리"
"588","네번째 층 - 어느날 갑자기 두번째 이야기"
"589","네이키드 보이즈 싱잉"
"590","네티비티 스토리-위대한 탄생"
"591","넥스트"
"592","넥스트 제네레이션 패트레이버"
"593","넥스트 제네레이션 패트레이버 2"
"594","넥스트 투모로우"
"595","녀녀녀"
"596","노 맨스 랜드"
"597","노 브레인 레이스"
"598","노 원 리브스"
"599","노 임팩트 맨"
"600","노다메 칸타빌레 Vol.1 "
"601","노다메 칸타빌레 최종악장"
"602","노라 없는 5일"
"603","노라노"
"604","노란 코끼리"
"605","노랑머리 - 플라스틱 섹스"
"606","노르웨이의 숲"
"607","노리개"
"608","노리코의 식탁"
"609","노미오와 줄리엣"
"610","노브레싱"
"611","노스 컨츄리"
"612","노스페이스"
"613","노아"
"614","노아-40일간의 기적"
"615","노예 12년"
"616","노이 알비노이"
"617","노인과 바다"
"618","노인을 위한 나라는 없다"
"619","노잉"
"620","노크:낯선 자들의 방문"
"621","노트북"
"622","녹색의자"
"623","녹색의자 2013 - 러브 컨셉츄얼리"
"624","녹차의 맛"
"625","논스톱"
"626","논스톱: 분노의 질주"
"627","논픽션 다이어리"
"628","누가 그녀와 잤을까?"
"629","누구나 비밀은 있다"
"630","누구나 제 명에 죽고 싶다"
"631","누구의 딸도 아닌 해원"
"632","누나"
"633","누드 모델"
"634","누들"
"635","눈먼자들의 도시"
"636","눈물이 주룩주룩"
"637","눈부신 날에"
"638","눈부신 하루"
"639","눈에게 바라는 것"
"640","눈에는 눈 이에는 이"
"641","눈의 여왕"
"642","뉴 문"
"643","뉴 폴리스 스토리"
"644","뉴욕 아이 러브 유"
"645","뉴욕에서 온 남자, 파리에서 온 여자"
"646","뉴욕은 언제나 사랑 중"
"647","뉴타입 히어로 얏타맨"
"648","늑대소년"
"649","늑대소년-확장판"
"650","늑대아이"
"651","늑대의 유혹"
"652","늑대인간"
"653","니드 포 스피드"
"654","니코"
"655","니코: 산타비행단의 모험"
"656","닌자 어쌔신"
"657","닌자거북이 TMNT"
"658","닌자보이 란타로 극장판 : 시끌벅적 방학숙제 대소동"
"659","닌자터틀"
"660","닐스의 모험"
"661","님스 아일랜드"
"662","님은 먼 곳에"
"663","님포매니악 볼륨1"
"664","님포매니악 볼륨2"
"665","다 큰 여자들"
"666","다니엘 바렌보임과 서동시집 오케스트라"
"667","다른나라에서"
"668","다마모에"
"669","다만, 널 사랑하고 있어"
"670","다빈치 코드"
"671","다섯 개의 시선"
"672","다섯번째 계절"
"673","다섯은 너무 많아"
"674","다세포소녀"
"675","다슬이"
"676","다시, 뜨겁게 사랑하라!"
"677","다우트"
"678","다이 하드 4 : 죽어도 산다"
"679","다이노소어 어드벤처 3D"
"680","다이버전트"
"681","다이애나"
"682","다이하드: 굿 데이 투 다이"
"683","다즐링 주식회사"
"684","다찌마와리"
"685","다크 나이트"
"686","다크 나이트 라이즈"
"687","다크 섀도우"
"688","다크 스페이스"
"689","다크아워"
"690","닥터"
"691","단델리온 더스트"
"692","단지 유령일 뿐"
"693","달라스 바이어스 클럽"
"694","달려라 루디"
"695","달려라 자전거"
"696","달려라 장미"
"697","달려라! 타마코"
"698","달마야, 서울 가자"
"699","달빛 길어올리기"
"700","달빛 속삭임"
"701","달은 어디에 떠 있는가"
"702","달콤, 살벌한 연인"
"703","달콤한 거짓말"
"704","달콤한 백수와 사랑만들기"
"705","달콤한 인생"
"706","달팽이의 별"
"707","닷핵퀀텀 : 숨겨진 몬스터의 비밀"
"708","당신에게도 사랑이 다시 찾아올까요?"
"709","당신은 나의 베스트셀러"
"710","당신은 아직 아무것도 보지 못했다"
"711","당신을 오랫동안 사랑했어요"
"712","당신이 그녀라면"
"713","당신이 사랑하는 동안에"
"714","당신이 잠든 사이에"
"715","대결"
"716","대단한 유혹"
"717","대마술사"
"718","대무생"
"719","대병소장"
"720","대부 : 끝나지 않은 이야기"
"721","대상해"
"722","대지진"
"723","대통령을 죽여라"
"724","대통령의 죽음"
"725","대학살의 신"
"726","대한민국 1%"
"727","대한이, 민국씨"
"728","댄 인 러브"
"729","댄서김의 은밀한 교수법"
"730","댄서의 순정"
"731","댄스타운"
"732","댄싱 채플린"
"733","댄싱퀸"
"734","댈러웨이 부인"
"735","더 게임"
"736","더 그레이"
"737","더 기버: 기억전달자"
"738","더 노즈"
"739","더 데이"
"740","더 도어"
"741","더 독"
"742","더 라이트: 악마는 있다"
"743","더 레슬러"
"744","더 레이디"
"745","더 레이븐"
"746","더 로드"
"747","더 리더: 책 읽어주는 남자"
"748","더 문"
"749","더 뮬: 죽음의 질주"
"750","더 바디"
"751","더 박스"
"752","더 버터플라이"
"753","더 브레이브"
"754","더 블루스-소울 오브 맨"
"755","더 스토닝"
"756","더 스토리: 세상에 숨겨진 사랑"
"757","더 시그널"
"758","더 시크릿"
"759","더 씽"
"760","더 울버린"
"761","더 울프 오브 월스트리트"
"762","더 웹툰: 예고살인"
"763","더 이클립스"
"764","더 임파서블"
"765","더 자이언트"
"766","더 차일드"
"767","더 체이스"
"768","더 코브: 슬픈 돌고래의 진실"
"769","더 콘서트"
"770","더 콜"
"771","더 콩그레스"
"772","더 퀸"
"773","더 클럽"
"774","더 킥"
"775","더 킹"
"776","더 테러 라이브"
"777","더 트랩: 난간 끝에 선 남자"
"778","더 트리"
"779","더 파이브"
"780","더 파크랜드"
"781","더 패키지: 일급비밀"
"782","더 팩트"
"783","더 퍼지"
"784","더 퍼지 : 거리의 반란"
"785","더 폴: 오디어스와 환상의 문"
"786","더 피플 아이브 슬렙 위드"
"787","더 헌트"
"788","더블"
"789","더블 스파이"
"790","더블샤크"
"791","더블타겟"
"792","더티 댄싱 - 하바나 나이트"
"793","데드 걸"
"794","데드폴"
"795","데브라 윙거를 찾아서"
"796","데블"
"797","데블스 더블"
"798","데스 디파잉:어느 마술사의 사랑"
"799","데스 레이스"
"800","데스 센텐스 "
"801","데스노트"
"802","데스노트 : 라스트 네임"
"803","데스노트 L: 새로운 시작"
"804","데스워터"
"805","데스티네이션 2"
"806","데쓰 프루프"
"807","데어 윌 비 블러드"
"808","데이 워치  "
"809","데이브레이커스"
"810","데이지"
"811","데인저러스 메소드"
"812","데자뷰"
"813","데저트 플라워"
"814","뎀"
"815","도가니"
"816","도노반스 에코"
"817","도둑들"
"818","도레미파솔라시도"
"819","도로로"
"820","도리안 그레이"
"821","도마 안중근"
"822","도마뱀"
"823","도망자"
"824","도서관 전쟁"
"825","도약선생"
"826","도쿄 데카당스"
"827","도쿄 마블 초콜릿"
"828","도쿄 소나타"
"829","도쿄 오아시스"
"830","도쿄!"
"831","도쿄타워"
"832","도쿄택시"
"833","도화선"
"834","도화선 무삭제 확장판"
"835","도희야"
"836","독"
"837","독수리오형제"
"838","독일, 창백한 어머니"
"839","돈 조반니"
"840","돈 존"
"841","돈 지오반니"
"842","돈 카를로"
"843","돈 컴 노킹"
"844","돈 크라이 마미"
"845","돈 텔 파파"
"846","돈많은 친구들"
"847","돈비 어프레이드 : 어둠 속의 속삭임"
"848","돈의 맛"
"849","돌려차기"
"850","돌멩이의 꿈"
"851","돌아온 파워레인저 미라클포스"
"852","돌이킬 수 없는"
"853","돌핀 : 꿈꾸는 다니엘의 용감한 모험"
"854","동갑내기 과외하기 레슨 2"
"855","동거, 동락"
"856","동경 이야기"
"857","동경가족"
"858","동경심판"
"859","동백꽃"
"860","동백아가씨"
"861","동사서독 리덕스"
"862","동자 대소동"
"863","동쪽의 에덴 극장판 ① 더 킹오브 에덴"
"864","동창생"
"865","동키호테"
"866","돼지의 왕"
"867","돼지코 아기공룡 임피의 모험"
"868","된장"
"869","두 개의 눈을 가진 아일랜드"
"870","두 개의 달"
"871","두 개의 문"
"872","두 개의 선"
"873","두 번의 결혼식과 한 번의 장례식"
"874","두 번째 사랑"
"875","두 사람이다"
"876","두 아내"
"877","두 얼굴의 여친"
"878","두 여자"
"879","두갈: 마법의 회전목마"
"880","두뇌유희프로젝트, 퍼즐"
"881","두더지"
"882","두레소리"
"883","두만강"
"884","두부요괴"
"885","둠"
"886","둠스데이 2014"
"887","둠스데이:지구 최후의 날"
"888","뒤로가는 연인들"
"889","뒷담화: 감독이 미쳤어요"
"890","듀 데이트"
"891","듀엣"
"892","드라이브"
"893","드라이브 앵그리 3D"
"894","드래곤 기사단"
"895","드래곤 길들이기"
"896","드래곤 길들이기 2"
"897","드래곤 아이즈"
"898","드래곤 헌터"
"899","드래곤볼 에볼루션"
"900","드래곤볼Z : 신들의 전쟁"
"901","드래그 미 투 헬"
"902","드래프트 데이"
"903","드랙퀸 가무단"
"904","드리머"
"905","드리프트"
"906","드림걸즈"
"907","드림업"
"908","드림팀"
"909","들개"
"910","들개들"
"911","들어는 봤니? 모건 부부"
"912","디 아이"
"913","디 아이2"
"914","디 엔드: 인류 최후의 날"
"915","디노타샤:공룡대탐험"
"916","디바이드"
"917","디센던트"
"918","디센트"
"919","디센트: Part 2"
"920","디셈버"
"921","디스 민즈 워"
"922","디스 이즈 잉글랜드"
"923","디스커넥트"
"924","디스터비아"
"925","디스트릭트 9"
"926","디아즈: 이 피를 지우지 말라"
"927","디아틀로프"
"928","디어 미"
"929","디어 존"
"930","디어 평양"
"931","디어 한나"
"932","디워"
"933","디태치먼트"
"934","디테일스"
"935","디토네이터"
"936","디트로이트 메탈 시티"
"937","디파이언스"
"938","디파티드"
"939","딕시칙스 - 셧업 앤 싱"
"940","딱따구리와 비"
"941","땅의 여자"
"942","땡스 포 쉐어링"
"943","땡큐,  마스터 킴"
"944","떡"
"945","또 하나의 약속"
"946","똥파리"
"947","뚝방전설"
"948","뜨거운 것이 좋아"
"949","뜨거운 안녕"
"950","뜨거운 욕망"
"951","뜨거운녀석들"
"952","라 당스"
"953","라 보엠"
"954","라 붐"
"955","라 비앙 로즈"
"956","라 트라비아타"
"957","라듸오 데이즈"
"958","라디오 스타"
"959","라따뚜이"
"960","라라피포"
"961","라르고 윈치"
"962","라벤더의 연인들"
"963","라보엠"
"964","라스베가스에서만 생길 수 있는 일"
"965","라스트 갓파더"
"966","라스트 나잇"
"967","라스트 데이즈"
"968","라스트 라이프, 라스트 러브 "
"969","라스트 사무라이"
"970","라스트 스탠드"
"971","라스트 에너미"
"972","라스트 에어벤더"
"973","라스트 엑소시즘"
"974","라스트 엑소시즘: 잠들지 않는 영혼"
"975","라스트 키스"
"976","라스트베가스"
"977","라스트프로포즈"
"978","라운드 업"
"979","라이 위드 미"
"980","라이 위드 미 감독판"
"981","라이브 인 3D 휘성 : 잇츠 리얼"
"982","라이어"
"983","라이프 오브 파이"
"984","라이프 인 어 데이"
"985","라인의 황금"
"986","라임라이프"
"987","라잇 온 미"
"988","라자레스쿠씨의 죽음"
"989","라자르 선생님"
"990","라콤 루시앙"
"991","라파예트"
"992","라폴로니드 : 관용의집"
"993","라푼젤"
"994","락 앤 러브"
"995","락 오브 에이지"
"996","락아웃: 익스트림미션"
"997","란도리"
"998","랄프 스테드먼 스토리: 이상한 나라의 친구들"
"999","람보 4 : 라스트 블러드"
"1000","랑랑 라이브 인 런던"
"1001","랑페르"
"1002","래더 49"
"1003","래빗 홀"
"1004","랜드 오브 데드"
"1005","랜드 오브 플렌티"
"1006","랭고"
"1007","량강도 아이들"
"1008","러닝 스케어드"
"1009","러브"
"1010","러브 & 드럭스"
"1011","러브 & 트러블"
"1012","러브 매니지먼트"
"1013","러브 미 이프 유 대어"
"1014","러브 송"
"1015","러브 앤 프렌즈"
"1016","러브 인 비즈니스클래스"
"1017","러브 인 아프리카"
"1018","러브 인 클라우즈"
"1019","러브러브 프라하"
"1020","러브레이스"
"1021","러브렉트"
"1022","러브씬"
"1023","러브액츄얼리: 크리스마스 에디션"
"1024","러브토크"
"1025","러브픽션"
"1026","러블리 로즈"
"1027","러블리 몰리"
"1028","러블리 본즈"
"1029","러블리, 스틸"
"1030","러빙 이비자: 섹슈얼아일랜드"
"1031","러스트 앤 본"
"1032","러시 : 더 라이벌"
"1033","러시 아워 3"
"1034","러시안 소설"
"1035","럭키 넘버 슬레븐"
"1036","런닝맨"
"1037","런던 블러바드"
"1038","런어웨이"
"1039","런어웨이즈"
"1040","런치박스"
"1041","럼 다이어리"
"1042","레고 무비"
"1043","레고:클러치파워의 모험"
"1044","레닌그라드: 900일간의 전투"
"1045","레드"
"1046","레드 라이딩 후드"
"1047","레드 아이"
"1048","레드: 더 레전드"
"1049","레드라이트"
"1050","레드라인"
"1051","레드마리아"
"1052","레드벨트"
"1053","레모니 스니켓의 위험한 대결"
"1054","레몬 트리"
"1055","레미제라블"
"1056","레밍"
"1057","레바논 감정"
"1058","레볼루셔너리 로드"
"1059","레볼루션 아일랜드"
"1060","레스트리스"
"1061","레알"
"1062","레이"
"1063","레이드 : 첫번째 습격"
"1064","레이드 2"
"1065","레이디 인 더 워터"
"1066","레이디 채털리"
"1067","레이디킬러"
"1068","레이어 케이크"
"1069","레이징 피닉스"
"1070","레이징 피닉스2 : 여자옹박의 귀환"
"1071","레이첼 결혼하다"
"1072","레이크 하우스"
"1073","레인"
"1074","레인 오버 미"
"1075","레인보우"
"1076","레저베이션 로드"
"1077","레전드 오브 래빗"
"1078","레전드 오브 조로"
"1079","레지던트"
"1080","레지던트 이블 2-아포칼립스"
"1081","레지던트 이블 3 - 인류의 멸망"
"1082","레지던트 이블 4: 끝나지 않은 전쟁 3D"
"1083","레지던트 이블 5 : 최후의 심판"
"1084","레커스"
"1085","레퀴엠"
"1086","레터스 투 줄리엣"
"1087","레퓨지"
"1088","렌트"
"1089","렛 미 아웃"
"1090","렛 미 인"
"1091","령"
"1092","로나의 침묵"
"1093","로니를 찾아서"
"1094","로덴시아: 마법왕국의 전설"
"1095","로델린다"
"1096","로드 오브 워"
"1097","로렉스"
"1098","로렌스 애니웨이"
"1099","로렌조의 밤"
"1100","로마 위드 러브"
"1101","로마에서 생긴 일"
"1102","로망스"
"1103","로맨스 조"
"1104","로맨틱 아일랜드"
"1105","로맨틱 크라운"
"1106","로맨틱 헤븐"
"1107","로맨틱 홀리데이"
"1108","로미오와 줄리엣"
"1109","로보싸커"
"1110","로보캅"
"1111","로봇"
"1112","로봇 앤 프랭크"
"1113","로봇(애니)"
"1114","로봇G"
"1115","로빈 후드"
"1116","로빈슨 가족"
"1117","로빈슨 주교의 두 가지 사랑"
"1118","로사 "
"1119","로스트 라이온즈"
"1120","로스트 맨"
"1121","로스트 인 베이징"
"1122","로얄 어페어"
"1123","로우리스: 나쁜 영웅들"
"1124","로코왕국의 전설: 엘프킹을 찾아서"
"1125","로크"
"1126","로큰롤 인생"
"1127","로프트"
"1128","록키 발보아"
"1129","론 레인저"
"1130","론 서바이버 "
"1131","롤라"
"1132","롤러코스터"
"1133","롤플레이2 : 동침"
"1134","롱 폴링 "
"1135","루르드"
"1136","루살카"
"1137","루시아"
"1138","루퍼"
"1139","룩 앳 미"
"1140","룸 투 렌트"
"1141","룸메이트"
"1142","룸바"
"1143","르 아브르"
"1144","르누아르"
"1145","리골레토"
"1146","리그렛"
"1147","리딕"
"1148","리딕 - 헬리온 최후의 빛"
"1149","리멤버"
"1150","리멤버 미"
"1151","리미츠 오브 컨트롤"
"1152","리미트리스"
"1153","리바운드"
"1154","리버틴"
"1155","리스본행 야간열차"
"1156","리슨 투 유어 하트"
"1157","리얼 스틸"
"1158","리얼리티: 꿈의 미로"
"1159","리오"
"1160","리오 2"
"1161","리지 맥과이어"
"1162","리키"
"1163","리턴"
"1164","리틀 디제이"
"1165","리틀 러너"
"1166","리틀 비버"
"1167","리틀 애쉬 : 달리가 사랑한 그림"
"1168","리틀 제이콥"
"1169","리틀 칠드런"
"1170","리플리스 게임"
"1171","리핑 10개의 재앙"
"1172","린다 린다 린다"
"1173","릴라 릴라"
"1174","릴리 슈슈의 모든 것"
"1175","링"
"1176","링2(2005)"
"1177","링스 어드벤처"
"1178","링컨"
"1179","링컨 차를 타는 변호사"
"1180","링컨: 뱀파이어 헌터"
"1181","링크"
"1182","마강호텔"
"1183","마고리엄의 장난감 백화점"
"1184","마네의 제비꽃 여인: 베르트 모리조"
"1185","마녀배달부 키키"
"1186","마녀사냥꾼"
"1187","마녀의 관"
"1188","마농"
"1189","마다가스카 2"
"1190","마다가스카3 : 이번엔 서커스다!"
"1191","마담 프루스트의 비밀정원"
"1192","마당을 나온 암탉"
"1193","마더"
"1194","마더 데레사"
"1195","마더 데레사의 편지"
"1196","마더 앤 차일드"
"1197","마드모아젤 C"
"1198","마루 밑 아리에티"
"1199","마리 앙투아네트"
"1200","마리 크뢰이어"
"1201","마리아 스투아르다"
"1202","마린"
"1203","마린보이"
"1204","마린스키 발레 지젤 3D"
"1205","마린스키 발레: 호두까기 인형 3D"
"1206","마릴린 먼로와 함께한 일주일"
"1207","마마"
"1208","마마 고고"
"1209","마마 앤드 파파"
"1210","마미야 형제"
"1211","마법경찰 갈갈이와 옥동자"
"1212","마법사들"
"1213","마법사의 제자"
"1214","마법에 걸린 사랑"
"1215","마법의 세계 녹터나"
"1216","마법천자문: 대마왕의 부활을 막아라"
"1217","마세티 킬즈"
"1218","마셰티"
"1219","마술피리"
"1220","마스터 "
"1221","마약전쟁"
"1222","마오의 라스트 댄서"
"1223","마을금고 연쇄습격사건"
"1224","마을에 부는 산들바람"
"1225","마음"
"1226","마음의 속삭임"
"1227","마음이..."
"1228","마음이2"
"1229","마이 뉴 파트너"
"1230","마이 라띠마"
"1231","마이 리틀 히어로"
"1232","마이 마이 신코 이야기"
"1233","마이 백 페이지"
"1234","마이 베스트 프렌드"
"1235","마이 보이"
"1236","마이 블랙 미니드레스"
"1237","마이 블랭키"
"1238","마이 블루베리 나이츠"
"1239","마이 시스터즈 키퍼"
"1240","마이 쎄시 걸"
"1241","마이 원 앤 온리"
"1242","마이 웨이"
"1243","마이 제너레이션"
"1244","마이 캡틴  김대출"
"1245","마이 파더"
"1246","마이 프렌즈, 마이 러브"
"1247","마이 플레이스"
"1248","마이애미 바이스"
"1249","마이클 잭슨의 디스 이즈 잇"
"1250","마이클 클레이튼"
"1251","마지막 4중주"
"1252","마지막 늑대"
"1253","마지막 밥상"
"1254","마지막 선물"
"1255","마진 콜: 24시간, 조작된 진실"
"1256","마징카이저"
"1257","마츠가네 난사사건"
"1258","마태복음"
"1259","마터스: 천국을 보는 눈"
"1260","마테호른"
"1261","마파도"
"1262","마파도2"
"1263","마하 2.6: 풀스피드"
"1264","막달레나 시스터즈"
"1265","만남의 광장"
"1266","만덜레이"
"1267","만신"
"1268","만찬"
"1269","만추"
"1270","말라 노체"
"1271","말레피센트"
"1272","말리"
"1273","말리와 나"
"1274","말아톤"
"1275","말죽거리 잔혹사"
"1276","말하는 건축 시티:홀"
"1277","말하는 건축가"
"1278","말할 수 없는 비밀"
"1279","맘마미아!"
"1280","맛"
"1281","맛있는 사랑공식-섹스"
"1282","맛있는 인생"
"1283","망종"
"1284","망치"
"1285","매뉴얼 오브 러브"
"1286","매니악 : 슬픈 살인의 기록"
"1287","매드 디텍티브"
"1288","매란방"
"1289","매직 마이크"
"1290","매직 아워"
"1291","매직 인 더 문라이트"
"1292","매치 포인트"
"1293","맥덜"
"1294","맥베드"
"1295","맥스 페인"
"1296","맥시멈 컨빅션"
"1297","맥아더 : 일본 침몰에 관한 불편한 해석"
"1298","맥코리아"
"1299","맨 어바웃 타운"
"1300","맨 오브 스틸"
"1301","맨 온 렛지"
"1302","맨 온 와이어"
"1303","맨 온 파이어"
"1304","맨 인 블랙 3"
"1305","맨데이트: 신이 주신 임무"
"1306","맨발의 기봉이"
"1307","맨발의 꿈"
"1308","맨츄리안 캔디데이트"
"1309","맹부삼천지교"
"1310","머나먼 사랑"
"1311","머나먼 세상속으로"
"1312","머니볼"
"1313","머드 "
"1314","머신건 프리처"
"1315","머펫 대소동"
"1316","먹고 기도하고 사랑하라"
"1317","멋진 녀석들"
"1318","멋진 악몽"
"1319","멋진 인생"
"1320","멋진 하루"
"1321","메가마인드"
"1322","메디엄"
"1323","메리 크리스마스"
"1324","메리다와 마법의 숲"
"1325","메리와 맥스"
"1326","메모리즈"
"1327","메밀꽃, 운수 좋은 날, 그리고 봄봄"
"1328","메신져 - 죽은자들의 경고"
"1329","메이지가 알고 있었던 일"
"1330","메이크 유어 무브 "
"1331","메종 드 히미코"
"1332","메카닉"
"1333","메콩호텔"
"1334","메탈리카 스루 더 네버"
"1335","메튜 본의 백조의 호수 3D"
"1336","메트로: 마지막 탈출"
"1337","멘탈"
"1338","멜랑콜리아"
"1339","멜로"
"1340","멤피스"
"1341","명랑한 갱이 지구를 움직인다"
"1342","명량"
"1343","명왕성"
"1344","명장"
"1345","명탐정 코난 : 수평선상의 음모"
"1346","명탐정 코난 : 이차원의 저격수"
"1347","명탐정 코난 : 칠흑의 추적자"
"1348","명탐정 코난 : 침묵의 15분"
"1349","명탐정 코난 : 탐정들의 진혼가 "
"1350","명탐정 코난: 11번째 스트라이커"
"1351","명탐정 코난: 천공의 난파선"
"1352","명탐정 코난:베이커가의 망령"
"1353","명탐정 코난:은빛 날개의 마술사"
"1354","모나리자 스마일"
"1355","모노폴리"
"1356","모뉴먼츠 맨: 세기의 작전"
"1357","모니카와의 여름 "
"1358","모던보이"
"1359","모두 하고 있습니까?"
"1360","모두들, 괜찮아요?"
"1361","모래가 흐르는 강"
"1362","모래와 안개의 집"
"1363","모모와 다락방의 수상한 요괴들"
"1364","모범시민"
"1365","모비딕"
"1366","모스트 원티드 맨"
"1367","모짜르트와 고래"
"1368","모차르트 타운"
"1369","모터사이클 다이어리"
"1370","모터웨이: 분노의 질주"
"1371","모테키: 모태솔로 탈출기"
"1372","모피를 입은 비너스"
"1373","목두기 비디오"
"1374","목포는 항구다"
"1375","몬스터"
"1376","몬스터 vs 에이리언"
"1377","몬스터 대학교"
"1378","몬스터 왕국"
"1379","몬스터 하우스"
"1380","몬스터 호텔"
"1381","몬스터즈"
"1382","못말리는 결혼"
"1383","몽골리안 핑퐁"
"1384","몽상가들"
"1385","몽정기2"
"1386","몽타주"
"1387","뫼비우스"
"1388","무게"
"1389","무극"
"1390","무도리"
"1391","무림여대생"
"1392","무명인"
"1393","무민가족의 한여름 대소동"
"1394","무방비도시"
"1395","무법자"
"1396","무사 4대 문파와의 혈투"
"1397","무사 노보우: 최후의 결전"
"1398","무산일기"
"1399","무서운 영화 4"
"1400","무서운 이야기"
"1401","무서운 이야기 2"
"1402","무시시"
"1403","무영검"
"1404","무용"
"1405","무인 곽원갑"
"1406","무적자"
"1407","무지개 여신"
"1408","무협"
"1409","묵공"
"1410","문라이즈 킹덤 "
"1411","문빔베어: 달을 사랑한 작은 곰"
"1412","문프린세스 : 문에이커의 비밀"
"1413","물 없는 바다"
"1414","물 좀 주소"
"1415","물고기"
"1416","뭘 또 그렇게까지"
"1417","뮌헨"
"1418","뮤지엄 아워스"
"1419","뮤직 네버 스탑"
"1420","뮤턴트: 다크 에이지"
"1421","뮬란: 전사의 귀환"
"1422","므이"
"1423","미 앤 유"
"1424","미 앤 유 앤 에브리원"
"1425","미 투"
"1426","미...마이셀프"
"1427","미국의 바람과 불"
"1428","미국인친구"
"1429","미나문방구"
"1430","미남이시네요"
"1431","미녀는 괴로워"
"1432","미녀들의 전쟁"
"1433","미녀와 야수"
"1434","미녀전쟁"
"1435","미드나잇 미트 트레인"
"1436","미드나잇 선"
"1437","미드나잇 인 파리"
"1438","미래는 고양이처럼"
"1439","미래를 걷는 소녀"
"1440","미러"
"1441","미션 13"
"1442","미션 임파서블 3"
"1443","미션임파서블:고스트프로토콜"
"1444","미스 리틀 선샤인"
"1445","미스 에이전트2 : 라스베가스 잠입사건"
"1446","미스 좀비"
"1447","미스 페티그루의 어느 특별한 하루"
"1448","미스 포터"
"1449","미스언더스탠드"
"1450","미스진은 예쁘다"
"1451","미스체인지"
"1452","미스터 & 미세스 스미스"
"1453","미스터 고"
"1454","미스터 나이스"
"1455","미스터 노바디"
"1456","미스터 브룩스"
"1457","미스터 빈의 홀리데이"
"1458","미스터 빌리:하일랜드의 수호자"
"1459","미스터 소크라테스"
"1460","미스터 주부퀴즈왕"
"1461","미스터 컴퍼니"
"1462","미스트"
"1463","미스트리스"
"1464","미쓰 루시힐"
"1465","미쓰 마마"
"1466","미쓰 홍당무"
"1467","미쓰GO"
"1468","미안하다 독도야"
"1469","미안해"
"1470","미안해, 고마워"
"1471","미어캣의 모험"
"1472","미운오리새끼"
"1473","미운오리새끼와 랫소의 모험"
"1474","미이라 : 피라미드의 비밀"
"1475","미이라 3:황제의 무덤"
"1476","미인도"
"1477","미치고 싶을 때"
"1478","미트 페어런츠 3"
"1479","미트 페어런츠2"
"1480","미피의 동물원 보물찾기"
"1481","미필적 고의에 의한 여름휴가"
"1482","미하엘 콜하스의 선택"
"1483","미확인 동영상 : 절대클릭금지"
"1484","미후네"
"1485","믹막: 티르라리고 사람들"
"1486","믿음의 승부"
"1487","밀레니엄 : 여자를 증오한 남자들"
"1488","밀레니엄 : 제2부 불을 가지고 노는 소녀"
"1489","밀레니엄 : 제3부 벌집을 발로 찬 소녀"
"1490","밀레니엄 제 1부 : 여자를 증오한 남자들"
"1491","밀리언 달러 베이비 "
"1492","밀리언 웨이즈"
"1493","밀리언즈"
"1494","밀림의 왕자 레오: 세상을 바꾸는 용기"
"1495","밀림의 왕자 레오2"
"1496","밀애"
"1497","밀양"
"1498","밀월도 가는 길"
"1499","밀크"
"1500","밀크 오브 소로우-슬픈 모유"
"1501","밀프"
"1502","밍크코트"
"1503","바니버디"
"1504","바다"
"1505","바다 쪽으로, 한 뼘 더"
"1506","바더 마인호프"
"1507","바디"
"1508","바디 앤 안티바디"
"1509","바디 오브 라이즈"
"1510","바라: 축복"
"1511","바람"
"1512","바람과 함께 사라지다"
"1513","바람의 검심"
"1514","바람의 소리"
"1515","바람의 전설"
"1516","바람의 파이터"
"1517","바람이 분다"
"1518","바람피기 좋은 날"
"1519","바르게 살자"
"1520","바리바리 짱"
"1521","바바라"
"1522","바벨"
"1523","바보"
"1524","바보야"
"1525","바비"
"1526","바빌론 A.D."
"1527","바빌론의 아들"
"1528","바세코의 아이들"
"1529","바스터즈: 거친 녀석들"
"1530","바시르와 왈츠를"
"1531","바운티 헌터"
"1532","바이브레이터"
"1533","바캉스"
"1534","바흐 이전의 침묵"
"1535","박물관이 살아있다 2"
"1536","박물관이 살아있다!"
"1537","박사가 사랑한 수식"
"1538","박수건달"
"1539","박수칠 때 떠나라"
"1540","박쥐"
"1541","박치기 LOVE & PEACE"
"1542","박치기!"
"1543","반 헬싱"
"1544","반가운 살인자"
"1545","반달곰"
"1546","반두비"
"1547","반드시 크게 들을 것"
"1548","반드시 크게 들을 것 2 : Wild Days"
"1549","반딧불 언덕에서"
"1550","반딧불이의 묘"
"1551","반창꼬"
"1552","발레 교습소"
"1553","발렌타인 데이"
"1554","발렛"
"1555","발리언트(애니)"
"1556","밝은 미래"
"1557","밤과 낮"
"1558","밤의 여왕"
"1559","밤의 이야기"
"1560","방가? 방가!"
"1561","방과후 옥상"
"1562","방독피"
"1563","방문자"
"1564","방울토마토"
"1565","방자전"
"1566","방콕 데인저러스"
"1567","방콕 킥복서"
"1568","방황의 날들"
"1569","방황하는 칼날"
"1570","배꼽과 무릎사이"
"1571","배드 블러드"
"1572","배우는 배우다"
"1573","배트맨 비긴즈"
"1574","배틀 오브 비보이"
"1575","배틀로얄 2 - 레퀴엠"
"1576","배틀쉽"
"1577","백만장자의 첫사랑"
"1578","백사대전"
"1579","백설공주"
"1580","백설공주: 또 다른 이야기"
"1581","백설공주의 마지막 키스"
"1582","백악관 최후의 날"
"1583","백야"
"1584","백야행"
"1585","백은제국"
"1586","백자의 사람 : 조선의 흙이 되다"
"1587","백투더 씨"
"1588","백프로"
"1589","밴드 비지트 - 어느 악단의 조용한 방문"
"1590","밴디다스"
"1591","밴디지"
"1592","밴티지 포인트"
"1593","뱅뱅클럽"
"1594","뱅크 잡"
"1595","버니"
"1596","버니드롭"
"1597","버블"
"1598","버크 앤 헤어"
"1599","버킷 리스트:죽기전에 꼭 하고싶은것들"
"1600","버터 러버"
"1601","버터플라이"
"1602","버틀러: 대통령의 집사"
"1603","번 애프터 리딩"
"1604","벌거숭이"
"1605","범죄소년"
"1606","범죄와의 전쟁: 나쁜놈들 전성시대"
"1607","범죄의 재구성"
"1608","법정스님의 의자"
"1609","베니스의 상인"
"1610","베니싱"
"1611","베니티 페어"
"1612","베드"
"1613","베드타임 스토리"
"1614","베로니카, 죽기로 결심하다"
"1615","베르테르"
"1616","베른의 기적"
"1617","베를린"
"1618","베리 굿 걸"
"1619","베리드"
"1620","베스트 엑조틱 메리골드 호텔"
"1621","베스트 오퍼"
"1622","베스트 키드"
"1623","베스트셀러"
"1624","베오울프"
"1625","베이직"
"1626","베이컨시"
"1627","베이타운 디스코"
"1628","베이트"
"1629","베일을 쓴 소녀"
"1630","벡"
"1631","벡실"
"1632","벤다 빌릴리"
"1633","벤자민 버튼의 시간은 거꾸로 간다"
"1634","벨 아미"
"1635","벨과 세바스찬"
"1636","벨라"
"1637","벨라 키스"
"1638","벼랑 위의 포뇨"
"1639","변신"
"1640","변태 가면"
"1641","변호인"
"1642","별별 이야기"
"1643","별별 이야기 2-여섯 빛깔 무지개"
"1644","별빛 속으로"
"1645","별을 쫓는 아이"
"1646","별이 빛나는 밤"
"1647","보글보글 스폰지밥(애니)"
"1648","보랏 - 카자흐스탄 킹카의 미국 문화 빨아들이기"
"1649","보리밭을 흔드는 바람"
"1650","보이 A"
"1651","보이 걸 씽"
"1652","보이지 않는 물결"
"1653","보트"
"1654","보호자"
"1655","복면달호"
"1656","복숭아나무"
"1657","본 레거시"
"1658","본 슈프리머시"
"1659","본 얼티메이텀"
"1660","볼쇼이 스페셜 갈라"
"1661","볼츠와 블립 "
"1662","볼케이노: 삶의 전환점에 선 남자"
"1663","볼트"
"1664","봄, 눈"
"1665","봉배도저"
"1666","부그와 엘리엇 2"
"1667","부그와 엘리엇(애니)"
"1668","부기맨"
"1669","부기우기: 상위 1%의 섹스"
"1670","부당거래"
"1671","부도리의 꿈 "
"1672","부도리의 꿈(감독판)"
"1673","부러진 화살"
"1674","부산"
"1675","부에노스 아이레스 1977"
"1676","부에노스 아이레스 탱고 카페"
"1677","부에노스 아이레스에서 사랑에 빠질 확률"
"1678","북극의 눈물"
"1679","북극의 연인들"
"1680","북극의 후예 이누크"
"1681","북촌방향"
"1682","분노의 윤리학"
"1683","분노의 질주: 더 맥시멈"
"1684","분노의 질주: 더 오리지널"
"1685","분노의 질주: 언리미티드"
"1686","분신사바"
"1687","분신사바 2"
"1688","분홍신"
"1689","불꽃처럼 나비처럼"
"1690","불량경찰: 부정부패 소탕작전"
"1691","불량공주 모모코"
"1692","불량남녀"
"1693","불륜의 맛"
"1694","불륜의 시대"
"1695","불신지옥"
"1696","불안"
"1697","불청객"
"1698","불타는 내 마음"
"1699","불편한 진실"
"1700","붉은 가족"
"1701","붉은 다리 아래 따뜻한 물"
"1702","붉은 바캉스 검은 웨딩"
"1703","붉은 바캉스 검은 웨딩 2"
"1704","붓다:싯다르타 왕자의 모험"
"1705","붕대클럽"
"1706","붙어야 산다"
"1707","뷰티풀 라이즈"
"1708","뷰티풀 선데이"
"1709","뷰티풀 엑스"
"1710","뷰티풀 차일드"
"1711","뷰티풀 크리처스"
"1712","브라더 베어"
"1713","브라더스"
"1714","브라더후드"
"1715","브라보 마이 라이프"
"1716","브라보! 재즈 라이프"
"1717","브레이브 래빗 : 새로운 영웅의 탄생"
"1718","브레이브 스토리"
"1719","브레이브 원"
"1720","브레이크 업 : 이별후애(愛)"
"1721","브레이킹"
"1722","브레이킹 던 part1"
"1723","브레이킹 던 part2"
"1724","브레인웨이브"
"1725","브로크백 마운틴"
"1726","브로큰"
"1727","브로큰 러브송"
"1728","브로큰 서클"
"1729","브로큰 시티"
"1730","브로큰 임브레이스"
"1731","브로큰 잉글리쉬"
"1732","브로큰 플라워"
"1733","브룩클린 브라더스"
"1734","브리짓 존스의 일기2 : 열정과 애정"
"1735","브리치"
"1736","브릭"
"1737","브릭 맨션: 통제불능 범죄구역"
"1738","브이 포 벤데타"
"1739","블라인드"
"1740","블라인드 디텍티브"
"1741","블라인드 사이드"
"1742","블랑섹의 기이한모험"
"1743","블랙"
"1744","블랙 가스펠"
"1745","블랙 달리아"
"1746","블랙 스완"
"1747","블랙 아이스"
"1748","블랙딜"
"1749","블랙북"
"1750","블랙아웃"
"1751","블러드"
"1752","블러드-C : 더 라스트 다크"
"1753","블러드 다이아몬드"
"1754","블러드 타이즈 "
"1755","블러디 발렌타인"
"1756","블러디 선데이"
"1757","블러디쉐이크"
"1758","블레이드 3"
"1759","블레임 : 인류멸망 2011"
"1760","블루 발렌타인"
"1761","블루 재스민"
"1762","블루스톰"
"1763","블룸 형제 사기단"
"1764","블리츠"
"1765","블링 링"
"1766","비기너스"
"1767","비긴 어게인"
"1768","비념"
"1769","비단구두"
"1770","비단꽃길"
"1771","비러브드"
"1772","비몽"
"1773","비밀과외"
"1774","비밀애"
"1775","비밀의 숲 테라비시아"
"1776","비밀의 아코짱"
"1777","비밀의 화방"
"1778","비바 프랑스"
"1779","비발디"
"1780","비버"
"1781","비상"
"1782","비스트"
"1783","비스트 앵콜 콘서트  3D"
"1784","비스틀리"
"1785","비스티 보이즈"
"1786","비엔나전투 1683"
"1787","비열한 거리"
"1788","비욘드 더 씨"
"1789","비욘드 러브"
"1790","비우티풀"
"1791","비정한 도시 감독판"
"1792","비지터"
"1793","비카인드 리와인드"
"1794","비커밍 제인"
"1795","비키니 대작전"
"1796","비투스"
"1797","비포 : 치즈와 초콜릿을 찾아서"
"1798","비포 : 하늘을 나는 강아지의 모험"
"1799","비포 미드나잇"
"1800","비포 선셋"
"1801","비행기"
"1802","비행기 2: 소방구조대"
"1803","비행소년"
"1804","비히클 19"
"1805","빅 리버"
"1806","빅 마마 하우스:근무중 이상무"
"1807","빅 미라클"
"1808","빅 시티"
"1809","빅 웨딩"
"1810","빅 피쉬"
"1811","빅 픽처"
"1812","빅 화이트"
"1813","빈센트"
"1814","빈집"
"1815","빌리와 용감한 녀석들 2 "
"1816","빌리와 용감한 녀석들 3D"
"1817","빌리지"
"1818","빗자루, 금붕어 되다"
"1819","빙 줄리아"
"1820","빙봉협: 중생지문"
"1821","빙우"
"1822","빨간 구두"
"1823","빨간 풍선"
"1824","빨간머리 앤 : 그린게이블로 가는 길"
"1825","빨간머리 앤 : 네버엔딩스토리"
"1826","빨간모자의 진실"
"1827","빨간모자의 진실 2"
"1828","빼꼼의 머그잔 여행"
"1829","뻔뻔한 딕&제인"
"1830","뽀로로 극장판 슈퍼썰매 대모험"
"1831","뽕똘"
"1832","사과"
"1833","사냥꾼"
"1834","사다코 2"
"1835","사다코 3D : 죽음의 동영상"
"1836","사대명포"
"1837","사대명포 2"
"1838","사라의 열쇠"
"1839","사라진 기억"
"1840","사람을 찾습니다"
"1841","사랑"
"1842","사랑 따윈 필요 없어"
"1843","사랑 후에 남겨진 것들"
"1844","사랑과 전쟁:열두 번째 남자"
"1845","사랑니"
"1846","사랑도 통역이 되나요?"
"1847","사랑도 흥정이 되나요?"
"1848","사랑방 선수와 어머니"
"1849","사랑보다 황금"
"1850","사랑에 빠지는 아주 특별한 법칙"
"1851","사랑에 빠진 것처럼"
"1852","사랑은 너무 복잡해"
"1853","사랑은 당신"
"1854","사랑은 마법처럼"
"1855","사랑은 소설처럼"
"1856","사랑은 언제나 진행중"
"1857","사랑은 타이밍"
"1858","사랑은 타이핑 중!"
"1859","사랑을 놓치다"
"1860","사랑을 부르는, 파리"
"1861","사랑을 카피하다"
"1862","사랑의 레시피"
"1863","사랑의 묘약"
"1864","사랑의 유효기간은 3년"
"1865","사랑의 찬가"
"1866","사랑의 침묵 "
"1867","사랑이 무서워"
"1868","사랑하고 싶은 시간"
"1869","사랑하니까, 괜찮아"
"1870","사랑한다, 사랑하지 않는다"
"1871","사랑할 때 버려야 할 아까운 것들"
"1872","사랑할 때 이야기하는 것들"
"1873","사랑해! 진영아"
"1874","사랑해, 말순씨(Bravo, My Life)"
"1875","사랑해, 파리"
"1876","사랑해도 참을 수 없는 101가지"
"1877","사령(死靈) - 리케의 저주"
"1878","사마리아"
"1879","사물의 비밀"
"1880","사보타지"
"1881","사사건건"
"1882","사생결단"
"1883","사샤"
"1884","사요나라 이츠카"
"1885","사운드 오브 노이즈"
"1886","사울과 다윗"
"1887","사육-내안에 가둔 그녀"
"1888","사이드 이펙트"
"1889","사이드웨이"
"1890","사이렌"
"1891","사이비"
"1892","사이에서"
"1893","사이즈의 문제"
"1894","사이코메트리"
"1895","사일런트 웨딩"
"1896","사일런트 힐"
"1897","사쿠란"
"1898","사하라"
"1899","산딸기"
"1900","산타렐라 패밀리"
"1901","산타바바라"
"1902","산타의 매직 크리스탈"
"1903","살결"
"1904","살기 위하여"
"1905","살아있는 야생탐험"
"1906","살인소설"
"1907","살인의 강"
"1908","살인자"
"1909","삼거리극장"
"1910","삼국지: 명장 관우"
"1911","삼국지:용의 부활"
"1912","삼사라"
"1913","삼총사 2014"
"1914","삼총사 3D"
"1915","삼총사2013"
"1916","상사부일체"
"1917","상성: 상처받은 도시"
"1918","상실의 시대"
"1919","상어"
"1920","상하이"
"1921","상하이의 밤"
"1922","새 구두를 사야해"
"1923","새드 베케이션"
"1924","새드무비"
"1925","새미의 어드벤쳐"
"1926","새미의 어드벤쳐 2"
"1927","새벽의 저주"
"1928","색, 계"
"1929","색다른 동거"
"1930","색즉시공 시즌2"
"1931","색화동"
"1932","생, 날선생"
"1933","생텀"
"1934","샤넬과 스트라빈스키"
"1935","샤오린 : 최후의 결전"
"1936","샤인 어 라이트"
"1937","샤인 어 라이트(1st 지드래곤 콘서트)"
"1938","샤크"
"1939","샤크 나이트 3D"
"1940","샤크보이와 라바걸의 모험 : 3-D"
"1941","샬롯의 거미줄"
"1942","샴"
"1943","섀도우 댄서"
"1944","섀도우 헌터스: 뼈의 도시"
"1945","서바이빙 크리스마스"
"1946","서서 자는 나무"
"1947","서스펙트 제로"
"1948","서약"
"1949","서양 골동 양과자점 앤티크"
"1950","서울"
"1951","서울이 보이냐"
"1952","서유기 리턴즈"
"1953","서칭 포 슈가맨"
"1954","서태지 8집: 398일의 기록"
"1955","서핑 업"
"1956","선 오브 갓"
"1957","선라이즈 선셋"
"1958","선물 가게를 지나야 출구"
"1959","선샤인"
"1960","선샤인 클리닝"
"1961","설국열차"
"1962","설마 그럴리가 없어"
"1963","설인"
"1964","세 번째 사랑"
"1965","세 얼간이"
"1966","세 얼간이-인도판"
"1967","세가지 사랑, 정사"
"1968","세계"
"1969","세나: F1의 신화"
"1970","세라핀"
"1971","세르쥬노박의 겨울여행 "
"1972","세번째 시선"
"1973","세브란스"
"1974","세븐 데이즈"
"1975","세븐 파운즈"
"1976","세븐데이즈"
"1977","세비지 그레이스"
"1978","세상에서 가장 아름다운 이별"
"1979","세상의 끝까지 21일"
"1980","세상의 모든 계절"
"1981","세상의 중심에서 사랑을 외치다"
"1982","세션 : 이 남자가 사랑하는 법   "
"1983","세이브 어 라이프"
"1984","세이빙 미스터 뱅크스"
"1985","세이빙 산타"
"1986","세이프 하우스"
"1987","세이프 헤이븐"
"1988","세인트 클라우드"
"1989","세컨핸드 라이온스"
"1990","섹슈얼 어딕션 : 꽃잎에 느껴지는 쾌락과 통증"
"1991","섹슈얼 컴펄전"
"1992","섹스 마네킹"
"1993","섹스 앤 더 시티"
"1994","섹스 앤 더 시티 2"
"1995","섹스 이즈 코메디"
"1996","섹스, 거짓말 그리고 비디오 테이프"
"1997","섹스와 철학"
"1998","섹스중독자들"
"1999","센츄리온"
"2000","센티넬"
"2001","센티미엔토: 사랑의 감각"
"2002","셀러브리티 섹스테이프"
"2003","셉템버 이슈"
"2004","셔터"
"2005","셔터 아일랜드"
"2006","셔틀콕"
"2007","셜록 홈즈"
"2008","셜록홈즈 : 그림자 게임"
"2009","셜리에 관한 모든 것"
"2010","셧업"
"2011","셰임"
"2012","소규모 아카시아 밴드 이야기"
"2013","소녀"
"2014","소녀 검객 아즈미 대혈전"
"2015","소녀X소녀"
"2016","소녀괴담"
"2017","소년 KJ"
"2018","소년, 소년을 만나다"
"2019","소년, 천국에 가다"
"2020","소년감독"
"2021","소년은 울지 않는다"
"2022","소라닌"
"2023","소리아이"
"2024","소림사 2014"
"2025","소림소녀"
"2026","소명"
"2027","소명 2-모겐족의 월드컵"
"2028","소명 3 : 히말라야의 슈바이처"
"2029","소명 하늘의 별"
"2030","소설, 영화와 만나다"
"2031","소셜 네트워크"
"2032","소스 코드"
"2033","소와 함께 여행하는 법"
"2034","소울 오브 브레드"
"2035","소울 키친"
"2036","소원"
"2037","소중한 날의 꿈"
"2038","소중한 사람"
"2039","소피 숄의 마지막 날들"
"2040","소피의 연애 매뉴얼"
"2041","손님은 왕이다"
"2042","손오공: 돌원숭이의 탄생"
"2043","솔로"
"2044","솔로몬 케인"
"2045","솔로이스트"
"2046","솔트"
"2047","송 포 유"
"2048","송곳니"
"2049","송환"
"2050","쇼를 사랑한 남자"
"2051","쇼킹패밀리"
"2052","쇼트피스"
"2053","쇼퍼홀릭"
"2054","쇼핑걸"
"2055","숏버스"
"2056","수"
"2057","수면의 과학"
"2058","수상한 고객들"
"2059","수상한 그녀"
"2060","수상한 이웃들"
"2061","수영장"
"2062","수퍼맨 리턴즈"
"2063","수호지-강호의 장청"
"2064","수호지-무사조씨"
"2065","수호지-불사영웅 석수"
"2066","수호지-신비술사"
"2067","수호지-영웅천하 손립"
"2068","수호지-의적유당"
"2069","수호지 가면영웅 - 귀두"
"2070","수호지: 천하대인"
"2071","숙명"
"2072","숙희"
"2073","순정만화"
"2074","술에 대하여 - 극장판"
"2075","술이 깨면 집에 가자"
"2076","숨"
"2077","숨바꼭질"
"2078","숫호구"
"2079","숲의 전설"
"2080","쉐도우맨"
"2081","쉐프"
"2082","쉘 위 댄스"
"2083","쉘 위 키스"
"2084","쉬즈 더 맨"
"2085","쉿! 그녀에겐 비밀이에요"
"2086","슈렉 포에버"
"2087","슈렉2"
"2088","슈렉3"
"2089","슈퍼  배드"
"2090","슈퍼 사이즈 미"
"2091","슈퍼 사이클론 스톰"
"2092","슈퍼 에이트"
"2093","슈퍼노바 지구 탈출기"
"2094","슈퍼맨이었던 사나이"
"2095","슈퍼미니"
"2096","슈퍼배드 2"
"2097","슈퍼쇼 4 3D"
"2098","슈퍼스타"
"2099","슈퍼스타 감사용"
"2100","슈퍼스톰"
"2101","슈퍼윙스 3D"
"2102","슈퍼피쉬 - 끝없는 여정"
"2103","슈퍼히어로"
"2104","스노우 워커"
"2105","스노우 화이트 앤 더 헌츠맨"
"2106","스니치"
"2107","스롤란 마이러브"
"2108","스마트 피플"
"2109","스모킹 에이스"
"2110","스승의 은혜"
"2111","스시 걸"
"2112","스시 장인: 지로의 꿈"
"2113","스와핑 클럽"
"2114","스왈로우테일 버터플라이"
"2115","스위니"
"2116","스위니 토드 : 어느 잔혹한 이발사 이야기"
"2117","스위치"
"2118","스위치: 부춘산거도"
"2119","스위트 룸"
"2120","스위트 크리스마스"
"2121","스윙걸즈"
"2122","스즈미야 하루히의 소실"
"2123","스카우트"
"2124","스카이 라인"
"2125","스카이 크롤러"
"2126","스카이포스 3D"
"2127","스케이트 오어 다이"
"2128","스케치"
"2129","스켈리톤 키"
"2130","스콘드: 잔혹 불륜사"
"2131","스쿠비-두2 : 몬스터 대소동"
"2132","스쿠프"
"2133","스쿨 오브 락"
"2134","스퀴시랜드"
"2135","스크림 4G"
"2136","스타 트렉: 더 비기닝"
"2137","스타: 빛나는 사랑"
"2138","스타더스트"
"2139","스타렛"
"2140","스타로부터 스무 발자국"
"2141","스타스키와 허치"
"2142","스타워즈 : 클론 전쟁"
"2143","스타워즈 에피소드3 - 시스의복수"
"2144","스타트 포 텐"
"2145","스타트렉 다크니스"
"2146","스태쉬 하우스"
"2147","스탠리의 도시락 "
"2148","스턱 인 러브"
"2149","스테이"
"2150","스테이션 에이전트"
"2151","스테이지 뷰티"
"2152","스테이트 오브 플레이"
"2153","스텔스"
"2154","스텝 업"
"2155","스텝 업 3D"
"2156","스텝업 2 : 더 스트리트"
"2157","스텝업4 : 레볼루션"
"2158","스텝포드 와이프"
"2159","스토커"
"2160","스톤"
"2161","스톨른"
"2162","스트레스를 부르는 그 이름 직장상사"
"2163","스트레인저 인사이드"
"2164","스트레인저: 무황인담"
"2165","스트리트 댄스 2: 라틴배틀"
"2166","스트리트 킹"
"2167","스트리트댄스"
"2168","스트릿 오브 블러드"
"2169","스티븐 시걸의 CIA"
"2170","스티븐 시걸의 리벤지"
"2171","스티븐 시걸의 비밀경찰"
"2172","스틸 라이프"
"2173","스틸라이프"
"2174","스팀보이"
"2175","스파이"
"2176","스파이 넥스트 도어"
"2177","스파이 키드 3D"
"2178","스파이 파파"
"2179","스파이더"
"2180","스파이더 릴리"
"2181","스파이더맨 2"
"2182","스파이더맨 3"
"2183","스파이더위크가의 비밀"
"2184","스파이크"
"2185","스페셜 포스"
"2186","스페어"
"2187","스페이스 독"
"2188","스페이스 침스 - 자톡의 역습 3D"
"2189","스페이스 침스:우주선을 찾아서"
"2190","스프링 브레이커스"
"2191","스플라이스"
"2192","스피드 레이서"
"2193","슬기로운 해법"
"2194","슬랩스틱 브라더스"
"2195","슬럼독 밀리어네어"
"2196","슬리핑 뷰티"
"2197","슬립리스 나이트"
"2198","슬픔보다 더 슬픈 이야기"
"2199","시"
"2200","시간"
"2201","시간 여행자의 아내"
"2202","시간을 달리는 소녀"
"2203","시간의 숲"
"2204","시간의 춤"
"2205","시네도키, 뉴욕"
"2206","시라노; 연애조작단"
"2207","시리아나"
"2208","시리어스 맨"
"2209","시바, 인생을 던져"
"2210","시선"
"2211","시선 1318"
"2212","시선 너머"
"2213","시스터 "
"2214","시스터 스마일"
"2215","시실리 : 피의 전쟁"
"2216","시실리 2km"
"2217","시작은 키스!"
"2218","시저는 죽어야 한다"
"2219","시절인연"
"2220","시즌 오브 더 위치: 마녀 호송단"
"2221","시체 전문 처리반 - 스머글러"
"2222","시체가 돌아왔다"
"2223","시크릿"
"2224","시티 오브 갓"
"2225","시티즌 독"
"2226","식객"
"2227","식객2 : 김치전쟁"
"2228","식스 블릿츠: 분노의 추적"
"2229","식스틴블럭"
"2230","식코"
"2231","신검전설"
"2232","신과 나눈 이야기"
"2233","신과 인간"
"2234","신기전"
"2235","신나는 동물농장(애니)"
"2236","신데렐라"
"2237","신데렐라맨"
"2238","신들의 전쟁"
"2239","신밧드의 7대 모험"
"2240","신부들의 전쟁"
"2241","신부수업"
"2242","신부의 수상한 여행가방"
"2243","신부의 아이들"
"2244","신비의 법"
"2245","신석기 블루스"
"2246","신설국"
"2247","신성일의 행방불명"
"2248","신세계"
"2249","신암행어사"
"2250","신의 선물"
"2251","신의 소녀들"
"2252","신의 전사"
"2253","신의 한 수"
"2254","신이 보낸 사람"
"2255","신주쿠 사건"
"2256","신주쿠 여고생 납치사건(완전한 사육)"
"2257","신촌좀비만화"
"2258","신화 : 진시황릉의 비밀"
"2259","실버라이닝 플레이북"
"2260","실비아"
"2261","실종"
"2262","심슨가족, 더무비"
"2263","심야의 F.M."
"2264","심장이 뛰네"
"2265","심장이 뛴다"
"2266","심플 라이프"
"2267","싱글맨"
"2268","싸움"
"2269","싸움의 기술"
"2270","싸이보그 그녀"
"2271","싸이보그지만 괜찮아"
"2272","쌍성계: 고대전설의 부활"
"2273","쌍화점"
"2274","써니"
"2275","써니 감독판"
"2276","써로게이트"
"2277","써커 펀치"
"2278","써티 데이즈 오브 나이트"
"2279","썬더와 마법저택"
"2280","썬더일레븐 극장판 : 최강군단 오우거의 습격"
"2281","썬데이 서울"
"2282","썸"
"2283","썸머 솔스티스"
"2284","썸머 스톰"
"2285","썸머 워즈"
"2286","쏘우"
"2287","쏘우-여섯번의 기회"
"2288","쏘우 2"
"2289","쏘우 3"
"2290","쏘우 3D"
"2291","쏘우 4"
"2292","쏘우 V"
"2293","쏜다"
"2294","쓰리"
"2295","쓰리 데이즈"
"2296","쓰리 몬스터"
"2297","쓰리 타임즈"
"2298","쓰리데이즈 투 킬"
"2299","씨 인사이드"
"2300","씨, 베토벤"
"2301","씨노이블"
"2302","씨민과 나데르의 별거"
"2303","씬"
"2304","씬 시티"
"2305","씬 시티: 다크히어로의 부활"
"2306","아기 거북 토토의 바다 대모험"
"2307","아기기린 자라파"
"2308","아기와 나"
"2309","아나콘다2 : 사라지지 않는 저주"
"2310","아내가 결혼했다"
"2311","아내의 애인을 만나다"
"2312","아는 여자"
"2313","아더 크리스마스"
"2314","아더와 미니모이-제1탄비밀원정대의출정"
"2315","아더와 미니모이 2 : 셀레니아 공주 구출 작전"
"2316","아드레날린24"
"2317","아들"
"2318","아따맘마 - 극장판"
"2319","아라한 장풍대작전"
"2320","아랑"
"2321","아르고"
"2322","아르마딜로"
"2323","아르헨티나 할머니"
"2324","아름다운 세탁기"
"2325","아름다운 유산"
"2326","아름답다"
"2327","아마존의 눈물"
"2328","아메리카파이: 19금 여배우들"
"2329","아메리칸"
"2330","아메리칸 갱스터"
"2331","아메리칸 배틀쉽"
"2332","아메리칸 파이: 19금 동창회"
"2333","아메리칸 허슬"
"2334","아무도 머물지 않았다"
"2335","아무도 모른다"
"2336","아무르"
"2337","아미티빌 호러"
"2338","아바타"
"2339","아바타 정글의 비밀"
"2340","아버지를 마지막으로 본 것은 언제입니까?"
"2341","아버지를 위한 노래"
"2342","아버지와 마리와 나"
"2343","아버지의 깃발"
"2344","아버지의 이메일"
"2345","아부의 왕"
"2346","아부지"
"2347","아브라함 링컨 VS 좀비 "
"2348","아빠가 여자를 좋아해"
"2349","아빠의 화장실"
"2350","아쉬람"
"2351","아스라이"
"2352","아스테릭스: 미션 올림픽 게임"
"2353","아스트로 보이-아톰의 귀환"
"2354","아야의 밤엔 사랑이 필요해"
"2355","아웃 오브 타임"
"2356","아웃레이지"
"2357","아웃사이더"
"2358","아웃포스트 : 블랙선"
"2359","아워 뮤직"
"2360","아워 이디엇 브라더 "
"2361","아워즈"
"2362","아유레디?"
"2363","아이 노우 유 노우"
"2364","아이 엠 넘버 포"
"2365","아이 엠 러브"
"2366","아이 오브 더 스톰"
"2367","아이, 로봇"
"2368","아이,애나"
"2369","아이다"
"2370","아이들..."
"2371","아이디: 에이"
"2372","아이스 에이지 2"
"2373","아이스 에이지 3: 공룡시대"
"2374","아이스 에이지 4: 대륙 이동설"
"2375","아이스맨"
"2376","아이스케키"
"2377","아이언 스카이"
"2378","아이언맨"
"2379","아이언맨 2"
"2380","아이언맨 3"
"2381","아일랜드"
"2382","아임 낫 데어"
"2383","아임 낫 스케어드"
"2384","아저씨"
"2385","아주 특별한 손님"
"2386","아주르와 아스마르"
"2387","아치와 씨팍"
"2388","아티스트"
"2389","아티스트 봉만대"
"2390","아파트"
"2391","아포칼립토"
"2392","아프리카 마법여행"
"2393","아프리카의 눈물"
"2394","아홉살 인생"
"2395","악마가 너의 죽음을 알기전에"
"2396","악마는 프라다를 입는다"
"2397","악마를 보았다"
"2398","악의교전"
"2399","악인"
"2400","악인은 너무 많다"
"2401","악질경찰"
"2402","안경"
"2403","안나 볼레나"
"2404","안나 카레니나"
"2405","안나볼레나"
"2406","안나와 알렉스 : 두자매 이야기"
"2407","안녕! 유에프오"
"2408","안녕, 사요나라"
"2409","안녕, 쿠로"
"2410","안녕, 하세요!"
"2411","안녕, 헤이즐"
"2412","안녕, 형아"
"2413","안녕? 허대짜수짜님!"
"2414","안녕?! 오케스트라"
"2415","안드레아 보첼리: 러브 인 포르토피노"
"2416","안드레아 세니에 "
"2417","안소니 짐머"
"2418","안티크라이스트"
"2419","알게 될거야"
"2420","알라마르"
"2421","알래스카"
"2422","알렉산더"
"2423","알렉산더 : 절대 영웅의 탄생"
"2424","알렉스 크로스"
"2425","알리바이"
"2426","알이씨(Rec)"
"2427","알제리 전투"
"2428","알파 앤 오메가"
"2429","알파: 바르셀로나 마피아  "
"2430","알파독"
"2431","알포인트"
"2432","암전 2"
"2433","압록강은 흐른다"
"2434","앙드레 마티유"
"2435","앙코르"
"2436","애니 레보비츠: 렌즈를 통해 들여다본 삶"
"2437","애니멀 타운"
"2438","애인"
"2439","애자"
"2440","애정결핍이 두 남자에게 미치는 영향"
"2441","애정만세"
"2442","애즈 갓 커맨즈"
"2443","애프터 라이프"
"2444","애프터 러브"
"2445","애프터 루시아"
"2446","애프터 미드나잇"
"2447","애프터 선셋"
"2448","애프터 어스"
"2449","애플시드"
"2450","액스 취업에 관한 위험한 안내서"
"2451","액트 오브 밸러: 최정예 특수부대 "
"2452","앤드 오브 워"
"2453","앤젤스 셰어: 천사를 위한 위스키"
"2454","앤트 불리"
"2455","앨빈과 슈퍼밴드"
"2456","앨빈과 슈퍼밴드2"
"2457","앨빈과 슈퍼밴드3"
"2458","앵두야, 연애하자"
"2459","야간비행"
"2460","야곱 신부의 편지"
"2461","야관문: 욕망의 꽃"
"2462","야누스: 욕망의 두 얼굴"
"2463","야수"
"2464","야수와 미녀"
"2465","야스쿠니"
"2466","야연"
"2467","약속해줘!"
"2468","약수터 부르스"
"2469","약지의 표본"
"2470","약탈자들"
"2471","양 한 마리, 양 두 마리"
"2472","양과자점 코안도르"
"2473","양자탄비 "
"2474","어거스트 러쉬"
"2475","어거스트: 가족의 초상"
"2476","어글리 트루스"
"2477","어깨 너머의 연인"
"2478","어깨동무"
"2479","어네스트와 셀레스틴"
"2480","어느 날, 사랑이 걸어왔다"
"2481","어느 멋진 순간"
"2482","어느 비행사에 대한 추억"
"2483","어느 예술가의 마지막 일주일"
"2484","어느날 그 길에서"
"2485","어둠 속의 빛 "
"2486","어둠의 아이들"
"2487","어디로 갈까요?"
"2488","어디선가 누군가에 무슨일이 생기면 틀림없이 나타난다 홍반장"
"2489","어떤 개인 날"
"2490","어떤 나라"
"2491","어떤 만남"
"2492","어떤 방문"
"2493","어떤 시선"
"2494","어떤 여인의 고백"
"2495","어레스트 미"
"2496","어린 신부"
"2497","어린 왕자"
"2498","어머니"
"2499","어머니는 죽지 않는다"
"2500","어메이징 그레이스"
"2501","어메이징 스파이더맨"
"2502","어메이징 스파이더맨 2"
"2503","어바웃 러브"
"2504","어바웃 체리"
"2505","어바웃 타임"
"2506","어벤져스"
"2507","어브덕션"
"2508","어썰트 13"
"2509","어웨이 위 고"
"2510","어웨이 프롬 허"
"2511","어웨이크"
"2512","어이그 저 귓것"
"2513","어쿠스틱"
"2514","어크로스 더 유니버스"
"2515","어톤먼트"
"2516","어펜더: 범죄와의 전쟁"
"2517","언 애듀케이션"
"2518","언노운"
"2519","언노운 우먼"
"2520","언니가 간다"
"2521","언더 더 스킨"
"2522","언더 더 쎄임 문"
"2523","언더월드 4: 어웨이크닝"
"2524","언더월드: 라이칸의 반란"
"2525","언더월드2 - 에볼루션"
"2526","언데드"
"2527","언디스퓨티드: 1대100의 혈투"
"2528","언러브드"
"2529","언스토퍼블"
"2530","언어의 정원"
"2531","언터처블: 1%의 우정"
"2532","언피니시드"
"2533","얼굴 없는 미녀"
"2534","얼음왕국 : 북극의 여름이야기(다큐)"
"2535","엄마"
"2536","엄마는 여자를 좋아해"
"2537","엄마는 창녀다"
"2538","엄마에게"
"2539","엄마와 나 그리고 나의 커밍아웃"
"2540","업"
"2541","업사이드 다운"
"2542","엉클 분미"
"2543","에너미"
"2544","에덴의 선택"
"2545","에디슨 시티"
"2546","에라곤"
"2547","에로스"
"2548","에르나니"
"2549","에밀과 탐정들"
"2550","에반 올마이티"
"2551","에반게리온 : 서(序)"
"2552","에반게리온: Q"
"2553","에반게리온: 파"
"2554","에브리데이"
"2555","에브리바디 올라잇"
"2556","에브리씽 머스트 고"
"2557","에비던스"
"2558","에비에이터"
"2559","에스엠타운 라이브인도쿄스페셜에디션3D"
"2560","에어 크래쉬"
"2561","에어라인 플라이트"
"2562","에이리언 VS 프레데터"
"2563","에이리언 VS 프레데터2 "
"2564","에이리언 둠스데이"
"2565","에이트 빌로우"
"2566","에일리언 비키니"
"2567","에쥬케이터"
"2568","에코"
"2569","에코 플래닛 3D : 지구 구출 특급 대작전"
"2570","에프게니 오네긴"
"2571","에픽 : 숲속의 전설 "
"2572","엑소시스트: 더 비기닝"
"2573","엑소시즘 오브 에밀리 로즈"
"2574","엑스맨 : 최후의 전쟁"
"2575","엑스맨 탄생: 울버린"
"2576","엑스맨: 데이즈 오브 퓨처 패스트"
"2577","엑스맨: 퍼스트 클래스"
"2578","엑스파일:나는 믿고싶다"
"2579","엑스페리먼트"
"2580","엔더스 게임"
"2581","엔드 오브 왓치"
"2582","엔들리스 러브"
"2583","엔딩노트"
"2584","엔젤"
"2585","엘 불리: 요리는 진행 중"
"2586","엘 시크레토 : 비밀의 눈동자"
"2587","엘 토포"
"2588","엘라의 계곡"
"2589","엘라의 모험 : 해피엔딩의 위기"
"2590","엘라의 모험 2: 백설공주 길들이기"
"2591","엘레지"
"2592","엘렉트라"
"2593","엘로이즈: 그녀들의 사랑"
"2594","엘르"
"2595","엘리시움"
"2596","엘리자베스타운"
"2597","엘리트 스쿼드 2"
"2598","엘리펀트"
"2599","엘프"
"2600","엠"
"2601","엠파이어 스테이트"
"2602","엣지 오브 다크니스"
"2603","엣지 오브 타임"
"2604","엣지 오브 투모로우"
"2605","여고괴담 4 : 목소리"
"2606","여고괴담 5"
"2607","여고생 시집가기"
"2608","여교수의 은밀한 매력"
"2609","여기보다 어딘가에"
"2610","여대생 기숙사"
"2611","여덟 번의 감정"
"2612","여름 궁전"
"2613","여름, 속삭임"
"2614","여름의 조각들"
"2615","여름이 가기 전에"
"2616","여배우 공작단"
"2617","여배우는 너무해"
"2618","여배우들"
"2619","여선생 VS 여제자"
"2620","여의도"
"2621","여자, 정혜"
"2622","여자는 남자의 미래다"
"2623","여자의 정사"
"2624","여친남친"
"2625","여행"
"2626","여행자"
"2627","역도산"
"2628","역린"
"2629","역전의 명수"
"2630","연가시"
"2631","연공:안녕, 사랑하는 모든 것"
"2632","연리지"
"2633","연애"
"2634","연애 징크스!!!"
"2635","연애, 그 참을 수 없는 가벼움"
"2636","연애사진"
"2637","연애술사"
"2638","연애의 기술"
"2639","연애의 목적"
"2640","연애의 온도"
"2641","연을 쫓는 아이"
"2642","연의 황후"
"2643","연인"
"2644","연인들"
"2645","열두명의 웬수들 "
"2646","열두명의 웬수들2"
"2647","열두살 샘"
"2648","열세살 수아"
"2649","열애"
"2650","열여덟, 열아홉"
"2651","열한번째 엄마"
"2652","열한시"
"2653","열혈남아"
"2654","열흘 밤의 꿈"
"2655","엽문"
"2656","엽문2"
"2657","엽문4: 종극일전"
"2658","영 아담"
"2659","영 앤 뷰티풀"
"2660","영건 탐정사무소"
"2661","영광의 날들"
"2662","영도 다리"
"2663","영웅 - 샐러멘더의 비밀"
"2664","영웅: 천하의 시작"
"2665","영웅이 되고 싶은 남자"
"2666","영원과 하루"
"2667","영원한 여름"
"2668","영춘권 무림 절대 고수"
"2669","영화는 영화다"
"2670","영화판"
"2671","예고살인자"
"2672","예스맨"
"2673","예스맨 프로젝트"
"2674","예언자"
"2675","예의없는 것들"
"2676","오! 마이 보스!"
"2677","오감도"
"2678","오기와 악동들 더 무비"
"2679","오늘"
"2680","오늘의 사건사고"
"2681","오다기리 죠의 도쿄타워"
"2682","오드토머스"
"2683","오란고교 호스트부"
"2684","오래된 인력거"
"2685","오래된 정원"
"2686","오로라 공주"
"2687","오르가즘"
"2688","오만과 편견"
"2689","오멘"
"2690","오블리비언"
"2691","오빠가 돌아왔다"
"2692","오션스"
"2693","오션스 써틴"
"2694","오션스 트웰브"
"2695","오션월드 3D"
"2696","오스카 그랜트의 어떤 하루"
"2697","오스트레일리아"
"2698","오슬로의 이상한 밤"
"2699","오싱"
"2700","오싹한 연애"
"2701","오월愛"
"2702","오이시맨"
"2703","오즈 그레이트 앤드 파워풀"
"2704","오즈의 마법사"
"2705","오직 그대만"
"2706","오직 사랑하는 이들만이 살아남는다"
"2707","오큘러스"
"2708","오텔로"
"2709","오토기리소우"
"2710","오퍼나지 - 비밀의 계단"
"2711","오펀: 천사의 비밀"
"2712","오펄 드림"
"2713","오페라- 햄릿 (메트로폴리탄)"
"2714","오페라-시몬 보카네그라(메트로폴리탄)"
"2715","오페라-아르미다 (메트로폴리탄)"
"2716","오페라-장미의 기사"
"2717","오페라-카르멘(메트로폴리탄)"
"2718","오페라-투란도트(메트로폴리탄)"
"2719","오페라-호프만의 이야기"
"2720","오페라의 유령"
"2721","오페라의 유령 2 : 러브 네버 다이"
"2722","오프 로드"
"2723","오픈 레인지"
"2724","오픈 워터"
"2725","오피서 다운"
"2726","옥보단 3D"
"2727","옥보단2012 : 천하애정비법"
"2728","옥희의 영화"
"2729","온 더 로드"
"2730","온 더 로드, 투"
"2731","온 투어"
"2732","온리 갓 포기브스"
"2733","올 이즈 로스트"
"2734","올드미스다이어리"
"2735","올드보이"
"2736","올리버 트위스트"
"2737","옴 샨티 옴"
"2738","옹녀뎐"
"2739","옹박 - 무에타이의 후예"
"2740","옹박 : 두번째 미션"
"2741","옹박 : 영웅의 탄생"
"2742","옹박: 더 레전드"
"2743","와인 미라클"
"2744","와일드"
"2745","와일드 빌"
"2746","와일드 이노선스"
"2747","와일드 타겟"
"2748","와즈다"
"2749","완득이"
"2750","완벽한 그녀에게 딱 한가지 없는 것"
"2751","완벽한 파트너"
"2752","완벽한 파트너-감독판"
"2753","완전 소중한 사랑"
"2754","완전범죄 프로젝트"
"2755","왓니껴"
"2756","왓치맨"
"2757","왕립우주군-오네아미스의 날개 "
"2758","왕의 남자"
"2759","왕의 이름으로 2"
"2760","왕자가 된 소녀들"
"2761","왕후 심청"
"2762","왠 유어 스트레인지"
"2763","외사경찰"
"2764","외출"
"2765","외톨이"
"2766","왼편 마지막 집"
"2767","요가학원"
"2768","요나요나 펭귄"
"2769","요술"
"2770","요시노 이발관"
"2771","요시토모 나라와의 여행"
"2772","요절복통 프레드의 사랑찾기"
"2773","요코하마 메리"
"2774","욕망의 법칙"
"2775","용문비갑"
"2776","용서"
"2777","용서, 그 먼 길 끝에 당신이 있습니까"
"2778","용서는 없다"
"2779","용서받지 못한 자"
"2780","용의자"
"2781","용의자 X의 헌신"
"2782","용의자X"
"2783","용의주도 미스신"
"2784","용이간다"
"2785","용호문"
"2786","우는 남자"
"2787","우디 앨런 : 우리가 몰랐던 이야기 "
"2788","우디 앨런의 애니씽 엘스"
"2789","우리 동네"
"2790","우리 만난 적 있나요"
"2791","우리 생애 최고의 순간"
"2792","우리 선희"
"2793","우리 엄마는 돌리파튼"
"2794","우리 의사 선생님"
"2795","우리 이웃의 범죄"
"2796","우리 집에 왜 왔니"
"2797","우리 학교"
"2798","우리 형"
"2799","우리, 사랑일까요?"
"2800","우리, 사랑해도 되나요?"
"2801","우리가 꿈꾸는 기적: 인빅터스"
"2802","우리가 들려줄 이야기 "
"2803","우리가족"
"2804","우리개 이야기"
"2805","우리는 그곳에 있었다"
"2806","우리는 동물원을 샀다"
"2807","우리도 사랑일까"
"2808","우리도 사랑한다"
"2809","우리동네 포르노스타"
"2810","우리들과 경찰아저씨의 700일 전쟁"
"2811","우리들의 행복한 시간"
"2812","우리들의 헤어진 여자친구"
"2813","우리별 일호와 얼룩소"
"2814","우리에게 내일은 없다"
"2815","우리에겐 교황이 있다"
"2816","우린 액션배우다"
"2817","우먼 인 블랙"
"2818","우아한 거짓말"
"2819","우아한 세계"
"2820","우작"
"2821","우주전쟁"
"2822","우쿨렐레 사랑모임"
"2823","운명의 산 낭가 파르밧"
"2824","울지마, 톤즈"
"2825","울트라 미라클 러브 스토리"
"2826","울트라바이올렛"
"2827","울프 앳 더 도어"
"2828","울프맨"
"2829","울학교 이티"
"2830","움"
"2831","웃는 남자"
"2832","워"
"2833","워 호스"
"2834","워낭소리"
"2835","워리어"
"2836","워리어스 레인보우: 항전의 시작"
"2837","워리어스 웨이"
"2838","워커즈"
"2839","워킹 톨"
"2840","워터 포 엘리펀트"
"2841","워터스"
"2842","워터호스"
"2843","원 나잇 스탠드"
"2844","원 데이"
"2845","원 오브 어 카인드 3D ; G-DRAGON 2013 1ST WORLD TOUR"
"2846","원 위크"
"2847","원 챈스"
"2848","원 포 더 머니"
"2849","원나잇 온리"
"2850","원더풀 라디오"
"2851","원라이프"
"2852","원스"
"2853","원스 어게인"
"2854","원스어폰어타임"
"2855","원초적 본능 2"
"2856","원탁의 천사"
"2857","원티드"
"2858","원피스 - 기계태엽성의 메카거병"
"2859","원피스 : 에피소드 오브 메리 ~ 또 하나의 동료 이야기 ~"
"2860","원피스 3D : 밀짚모자 체이스"
"2861","원피스 극장판 Z"
"2862","원피스 극장판: 스트롱 월드"
"2863","월 스트리트: 머니 네버 슬립스"
"2864","월드 오브 투모로우"
"2865","월드 워 Z"
"2866","월드 워 좀비"
"2867","월드 인베이젼"
"2868","월드 트레이드 센터"
"2869","월래스와 그로밋 : 거대토끼의 저주"
"2870","월터의 상상은 현실이 된다"
"2871","월플라워"
"2872","월ㆍE"
"2873","웜 바디스"
"2874","웨딩 크래셔"
"2875","웨딩드레스"
"2876","웨딩스캔들"
"2877","웨스트 32번가"
"2878","웨이 백"
"2879","웨이스트 랜드"
"2880","웨일 라이더"
"2881","웰컴"
"2882","웰컴 투 동막골"
"2883","웰컴 투 마이 하트"
"2884","웰컴 투 사우스"
"2885","위 오운 더 나잇"
"2886","위대한 개츠비"
"2887","위대한 계시"
"2888","위대한 밀로크로제"
"2889","위대한 비행"
"2890","위대한 침묵"
"2891","위크엔드 인 파리"
"2892","위키드 블러드"
"2893","위핏"
"2894","위험한 관계"
"2895","위험한 상견례"
"2896","위험한 패밀리"
"2897","위험한 패밀리 패밀리 에디션"
"2898","윈터스 본"
"2899","윌러드"
"2900","윔블던"
"2901","유감스러운 도시"
"2902","유니버셜 솔저4: 클론의 반란"
"2903","유다의 사자 : 부활절 대모험"
"2904","유레루"
"2905","유령신부(애니)"
"2906","유령작가"
"2907","유신의 추억-다카키 마사오의 전성시대"
"2908","유실물"
"2909","유아 넥스트"
"2910","유어 프렌즈"
"2911","유오성의 7인의 암살단"
"2912","유윌 미스 미"
"2913","유키와 니나"
"2914","유혹의 기술"
"2915","유희왕"
"2916","육혈포 강도단"
"2917","윤희"
"2918","은교"
"2919","은밀하게 위대하게"
"2920","은밀하게 위대하게 (확장판)"
"2921","은밀하게 음란하게"
"2922","은밀한 가족"
"2923","은어"
"2924","은하수를 여행하는 히치하이커를 위한 안내서"
"2925","은하해방전선"
"2926","음란서생"
"2927","음모자"
"2928","음모자들"
"2929","음치 클리닉 "
"2930","응징자"
"2931","의궤, 8일간의 축제 3D"
"2932","의뢰인"
"2933","의형제"
"2934","이것이 우리의 끝이다"
"2935","이고르와 귀여운 몬스터 이바"
"2936","이고르와 학의 여행"
"2937","이그잼"
"2938","이글 아이"
"2939","이끼"
"2940","이노센스"
"2941","이니셜 D"
"2942","이대근 이 댁은"
"2943","이대로, 죽을 순 없다(Short Time)"
"2944","이디야와 얼음왕국의 전설"
"2945","이로도리 인생2막"
"2946","이리"
"2947","이리나 팜"
"2948","이민자"
"2949","이방인들"
"2950","이번 일요일에"
"2951","이별계약"
"2952","이브 생 로랑"
"2953","이브 생 로랑의 라무르"
"2954","이브닝"
"2955","이브의 유혹 - 그녀만의 테크닉"
"2956","이쁜 것들이 되어라"
"2957","이사벨라"
"2958","이상한 나라의 앨리스"
"2959","이스케이프 플랜"
"2960","이스턴 프라미스"
"2961","이온 플럭스"
"2962","이웃사람"
"2963","이웃집 남자"
"2964","이웃집 좀비"
"2965","이장과 군수"
"2966","이층의 악당"
"2967","이클립스"
"2968","이탈리아 횡단밴드"
"2969","이태원 살인사건"
"2970","이터널 선샤인"
"2971","이토록 뜨거운 순간"
"2972","이티피 페스티벌 08X09 서태지"
"2973","이파네마 소년"
"2974","이프 온리"
"2975","이프!"
"2976","익사일"
"2977","익스트림 No.13"
"2978","익스펜더블"
"2979","익스펜더블 2"
"2980","익스펜더블 3"
"2981","인 굿 컴퍼니"
"2982","인 더 컷"
"2983","인 더 하우스"
"2984","인 데어 스킨"
"2985","인 디 에어"
"2986","인 디스 월드"
"2987","인 마이 슬립"
"2988","인 블룸"
"2989","인 어 베러 월드"
"2990","인 타임"
"2991","인간중독"
"2992","인게이지먼트"
"2993","인디아나 존스 4 : 크리스탈 해골의 왕국"
"2994","인디애니박스:셀마의 단백질 커피"
"2995","인랜드 엠파이어"
"2996","인류멸망 보고서"
"2997","인베이젼"
"2998","인보카머스"
"2999","인비져블 2: 귀신소리찾기"
"3000","인사동 스캔들"
"3001","인사이드 르윈 "
"3002","인사이드 맨"
"3003","인사이드잡"
"3004","인셉션"
"3005","인시디어스"
"3006","인시디어스: 두번째 집"
"3007","인어 공주"
"3008","인크레더블"
"3009","인크레더블 헐크"
"3010","인터내셔널"
"3011","인터뷰"
"3012","인터프리터"
"3013","인투 더 스톰"
"3014","인투 더 썬"
"3015","인피니트 콘서트 세컨드 인베이전 에볼루션 더 무비 3D"
"3016","인형사"
"3017","일대고수"
"3018","일대일"
"3019","일대종사"
"3020","일라이"
"3021","일렉트릭 미스트"
"3022","일루미나타"
"3023","일루셔니스트"
"3024","일본침몰"
"3025","일탈여행: 프라이빗 아일랜드"
"3026","잃어버린 마법의 섬 홋타라케"
"3027","잃어버린 세계를 찾아서"
"3028","잃어버린 세계를 찾아서 2: 신비의 섬"
"3029","임피 원더랜드 가다"
"3030","입술은 안돼요"
"3031","잉여들의 히치하이킹"
"3032","잉크하트 : 어둠의 부활"
"3033","잉투기"
"3034","잊혀진 가방"
"3035","잊혀진 꿈의 동굴"
"3036","자, 이제 댄스타임"
"3037","자유로운 세계"
"3038","자이언트 몽키"
"3039","자전거 탄 소년"
"3040","자칼이 온다"
"3041","자토이치"
"3042","자투라:스페이스 어드벤쳐"
"3043","작별"
"3044","작업의 정석"
"3045","작은 연못"
"3046","작은 영웅 데스페로"
"3047","작전"
"3048","작전명 발키리"
"3049","잔다라 더 피날레"
"3050","잔다라: 더 비기닝"
"3051","잔혹한 출근"
"3052","잘 살아보세"
"3053","잘 알지도 못하면서"
"3054","잘나가는 그녀에게 왜 애인이 없을까"
"3055","잘못된 만남"
"3056","잠 못 드는 밤"
"3057","잠베지아: 신비한 나무섬의 비밀"
"3058","잠복근무"
"3059","잠수종과 나비"
"3060","잠자는 숲속의 미녀"
"3061","잠자는 숲속의 미녀와 야수"
"3062","잡스"
"3063","장강7호 : 내친구 마법요정"
"3064","장고:분노의 추적자"
"3065","장례식의 멤버"
"3066","장화신은 고양이"
"3067","장화신은 고양이 디 오리지널"
"3068","재스퍼"
"3069","잭 더 자이언트 킬러"
"3070","잭 라이언 : 코드네임 쉐도우"
"3071","잭 리처"
"3072","쟈니 잉글리쉬2 : 네버다이"
"3073","저 하늘에도 슬픔이"
"3074","저녁의 게임"
"3075","저속희극"
"3076","저수지에서 건진 치타"
"3077","저스트 라이크 헤븐"
"3078","저스트 어 이어 "
"3079","저스트 프렌드"
"3080","저스트 프렌즈"
"3081","저스티스"
"3082","저스틴"
"3083","저지 걸"
"3084","저지드레드 3D"
"3085","적과의 동침"
"3086","적벽대전 2 : 최후의 결전"
"3087","적벽대전:거대한 전쟁의 시작"
"3088","적인걸: 측천무후의 비밀"
"3089","적인걸2 : 신도해왕의 비밀"
"3090","전국: 천하영웅의 시대"
"3091","전국노래자랑"
"3092","전망 좋은 집"
"3093","전망 좋은 하우스 - 관음적 욕망 "
"3094","전망 좋은 하우스 - 맛있는 섹스"
"3095","전설의 고향"
"3096","전설의 주먹"
"3097","전우치"
"3098","전쟁과 한 여자"
"3099","전차남"
"3100","전투의 매너"
"3101","젊은 엄마"
"3102","점박이:한반도의 공룡3D"
"3103","점쟁이들"
"3104","점퍼"
"3105","점프 아쉰"
"3106","젓가락"
"3107","정글번치 : 빙산으로의 귀환"
"3108","정글피쉬2"
"3109","정무문 : 100대 1의 전설"
"3110","정사 : 두 여자와의 로맨스"
"3111","정사2013"
"3112","정승필 실종사건"
"3113","제 5원소 리마스터링 감독판"
"3114","제7의 봉인"
"3115","제노바"
"3116","제니, 주노"
"3117","제독의 연인"
"3118","제로 다크 서티"
"3119","제로 포커스"
"3120","제로법칙의 비밀"
"3121","제이니 존스"
"3122","제인 에어"
"3123","제프 벡 로니스콧 라이브"
"3124","젤리 피쉬"
"3125","조"
"3126","조금만 더 가까이"
"3127","조난자들"
"3128","조디악"
"3129","조선명탐정:각시투구꽃의 비밀"
"3130","조선미녀삼총사"
"3131","조용한 세상"
"3132","조용한 혼돈"
"3133","조제, 호랑이 그리고 물고기들"
"3134","조조-황제의 반란"
"3135","조지 해리슨"
"3136","조폭마누라3"
"3137","족구왕"
"3138","존 라베 : 난징 대학살"
"3139","존 레논 비긴즈-노웨어 보이"
"3140","존 레논 컨피덴셜"
"3141","존 카터: 바숨 전쟁의 서막 "
"3142","존은 끝에 가서 죽는다"
"3143","종려나무 숲"
"3144","종로의 기적"
"3145","좋아서 만든 영화"
"3146","좋아해"
"3147","좋은 놈, 나쁜 놈, 이상한 놈 "
"3148","좋은 친구들"
"3149","좋은 친구들 "
"3150","좋지 아니한가"
"3151","주노"
"3152","주먹왕 랄프"
"3153","주먹이 운다(Crying Fist)"
"3154","주문진"
"3155","주온-원혼의 부활"
"3156","주온 : 끝의 시작"
"3157","주유소 습격사건 2"
"3158","주윤발의 도성풍운"
"3159","주홍글씨"
"3160","죽어도 해피엔딩"
"3161","죽음의 숲-어느날 갑자기 네번째 이야기"
"3162","죽이고 싶은"
"3163","죽지않아"
"3164","준벅"
"3165","줄 위의 종달새"
"3166","줄리 & 줄리아"
"3167","줄리아의 눈"
"3168","줄탁동시"
"3169","중2병이라도 사랑이 하고 싶어! 극장판"
"3170","중경"
"3171","중독애"
"3172","중천"
"3173","중화 명탐정"
"3174","쥴리의 육지 대모험"
"3175","즐거운 경찰"
"3176","즐거운 인생"
"3177","지.아이.조 : 전쟁의 서막"
"3178","지.아이.조 2"
"3179","지골라"
"3180","지구"
"3181","지구가 멈추는 날"
"3182","지구대표 롤링스타즈"
"3183","지구에서 사는 법"
"3184","지금 사랑하는 사람과 살고 있습니까?"
"3185","지금, 이대로가 좋아요"
"3186","지상의 별처럼"
"3187","지슬 - 끝나지 않은 세월2"
"3188","지저스 크라이스트 슈퍼스타"
"3189","지젤"
"3190","지크프리트"
"3191","지킬 앤 하이드"
"3192","진구세주전설 북두의권 Zero - 켄시로전"
"3193","진링의 13소녀"
"3194","진저 앤 로사"
"3195","진주 귀걸이를 한 소녀"
"3196","진짜로 일어날지도 몰라 기적"
"3197","짐승"
"3198","짐승의 끝"
"3199","집 나온 남자들"
"3200","집결호"
"3201","집오리와 들오리의 코인로커"
"3202","집으로 가는 길"
"3203","집행자"
"3204","짓"
"3205","징기스칸 : 제국의 건설"
"3206","징기스칸 2014"
"3207","짚의 방패"
"3208","짝패"
"3209","짱구는 못말려 극장판 : 초시공! 태풍을 부르는 나의 신부"
"3210","짱구는 못말려 극장판: 태풍을 부르는 황금스파이 대작전"
"3211","짱구는 못말려 극장판：엄청 맛있어! B급 음식 서바이벌!"
"3212","짱구는 못말려 극장판:태풍을 부르는 나와 우주의 프린세스"
"3213","짱구는 못말려 극장판:태풍을 부르는 노래하는 엉덩이 폭탄"
"3214","쩨쩨한 로맨스"
"3215","찌라시: 위험한 소문"
"3216","차가운 열대어"
"3217","차가운 장미"
"3218","차우"
"3219","차이나 블루"
"3220","차이니즈 조디악"
"3221","차일디쉬 게임즈"
"3222","차형사"
"3223","착신아리"
"3224","착신아리 파이널"
"3225","착신아리2"
"3226","찰리 바틀렛"
"3227","찰리 컨트리맨"
"3228","찰리와 초콜릿 공장"
"3229","찰리윌슨의 전쟁"
"3230","참새들의 합창"
"3231","참을 수 없는"
"3232","창문 넘어 도망친 100세 노인"
"3233","창문을 마주보며"
"3234","창수"
"3235","창피해"
"3236","채식주의자"
"3237","챔프"
"3238","챔피언 마빡이"
"3239","처음 만난 사람들"
"3240","처음 본 그녀에게 프로포즈하기"
"3241","척 앤 래리"
"3242","천공의 성 라퓨타"
"3243","천국에 다녀온 소년"
"3244","천국을 향하여"
"3245","천국의 나날들"
"3246","천국의 속삭임"
"3247","천국의 아이들"
"3248","천국의 아이들 2 - 시험보는 날"
"3249","천국의 우편배달부"
"3250","천국의 책방 - 연화"
"3251","천군"
"3252","천녀유혼"
"3253","천년여우"
"3254","천년여우 여우비"
"3255","천년을 흐르는 사랑"
"3256","천년학"
"3257","천리마 축구단"
"3258","천리주단기"
"3259","천번의 굿나잇"
"3260","천사와 악마"
"3261","천사의 숨소리"
"3262","천상고원"
"3263","천상의 소녀"
"3264","천안함 프로젝트"
"3265","천일의 스캔들"
"3266","천재 강아지 미스터 피바디"
"3267","천주정"
"3268","천하무적 키코리키"
"3269","천하장사 마돈나"
"3270","천하칠검 양가장"
"3271","철가방 우수氏"
"3272","철수♡영희"
"3273","철암 계곡의 혈투"
"3274","철없는 그녀의 아찔한 연애코치"
"3275","철의 여인"
"3276","첫눈"
"3277","첫사랑 열전"
"3278","첫키스만 50번째"
"3279","청담보살"
"3280","청설"
"3281","청야-끝나지 않은 이야기"
"3282","청연"
"3283","청원"
"3284","청춘그루브"
"3285","청춘만화"
"3286","청춘정담"
"3287","청춘학당 : 풍기문란 보쌈 야사"
"3288","청포도 사탕: 17년 전의 약속"
"3289","체 게바라 : 뉴맨"
"3290","체르노빌 다이어리"
"3291","체리밤"
"3292","체브라시카"
"3293","체온 ? 그녀의 온도"
"3294","체인드"
"3295","체인질링"
"3296","체인징사이드: 부부탐구생활"
"3297","체포왕"
"3298","첼로-홍미주 일가 살인사건"
"3299","초(민망한)능력자들"
"3300","초감각 커플"
"3301","초능력자"
"3302","초속5센티미터"
"3303","초승달과 밤배"
"3304","초원의 왕 도제"
"3305","초코초코 대작전"
"3306","초한지 - 천하대전"
"3307","초한지: 영웅의 부활"
"3308","최강로맨스"
"3309","최민수의 어쌔씬 코드"
"3310","최종병기 활"
"3311","최종병기 활 감독확장판"
"3312","최후의 툰드라-극장판"
"3313","추격자"
"3314","추방된 사람들"
"3315","추적"
"3316","추적자"
"3317","축구의 신: 마라도나"
"3318","춤추는 꿈틀이 밴드"
"3319","춤추는 동물원"
"3320","춤추는 숲"
"3321","취한 말들을 위한 시간"
"3322","치어리더 캠프"
"3323","치코와 리타"
"3324","치킨리틀"
"3325","친구 2"
"3326","친구사이?"
"3327","친구와 연인사이"
"3328","친구의 아내를 탐하다"
"3329","친밀한 타인들"
"3330","친절한 금자씨"
"3331","친정엄마"
"3332","칠검"
"3333","침묵의 목격자"
"3334","침입자들 : 로봇의 역습"
"3335","카"
"3336","카 2"
"3337","카라멜"
"3338","카라스: 프로퍼시"
"3339","카르고"
"3340","카르마"
"3341","카르멘"
"3342","카르페디엠"
"3343","카리스마 탈출기"
"3344","카모메 식당"
"3345","카뮈 따윈 몰라"
"3346","카사노바"
"3347","카오스"
"3348","카우 삼총사"
"3349","카우보이 & 에이리언"
"3350","카운슬러"
"3351","카운터페이터"
"3352","카운테스"
"3353","카운트다운"
"3354","카이지"
"3355","카이츠"
"3356","카토 프로젝트"
"3357","카트 레이서"
"3358","카페 느와르"
"3359","카페 드 플로르"
"3360","카페 뤼미에르"
"3361","카페 서울"
"3362","카포티"
"3363","카프리치오"
"3364","카핑 베토벤"
"3365","칼라스 포에버"
"3366","캐리비안의 해적 : 망자의 함"
"3367","캐리비안의 해적: 낯선 조류"
"3368","캐리비안의 해적: 세상의 끝에서"
"3369","캐빈 인 더 우즈"
"3370","캐쉬백"
"3371","캐치미"
"3372","캔 유 필 잇"
"3373","캔디"
"3374","캠퍼스 S 커플"
"3375","캡틴 아메리카: 윈터 솔져"
"3376","캡틴 필립스"
"3377","캡틴 하록"
"3378","캣우먼"
"3379","캣츠 앤 독스 2"
"3380","커넥트"
"3381","커버넌트"
"3382","커튼 레이저"
"3383","커플 테라피: 대화가 필요해"
"3384","커플즈"
"3385","커피 한잔이 섹스에 미치는 영향"
"3386","커피와 담배"
"3387","컨빅션"
"3388","컨저링"
"3389","컨테이젼"
"3390","컨트롤"
"3391","컨트롤러"
"3392","컬러풀"
"3393","컴 아웃 파이팅"
"3394","컴퍼니 유 킵"
"3395","컴플라이언스"
"3396","컷"
"3397","케로로 더 무비 5: 기적의 사차원섬"
"3398","케로로 더 무비: 드래곤 워리어"
"3399","케로로 더 무비:케로로 VS 케로로 천공대결전"
"3400","케빈에 대하여"
"3401","케이브"
"3402","케이온"
"3403","케이트 맥콜"
"3404","코난: 암흑의 시대"
"3405","코드 46"
"3406","코드네임 제로니모"
"3407","코러스"
"3408","코렐라인: 비밀의 문"
"3409","코리아"
"3410","코리올라누스: 세기의 라이벌"
"3411","코비: 블루 엘리펀트의 전설"
"3412","코스모폴리스"
"3413","코알라"
"3414","코알라 키드 : 영웅의 탄생"
"3415","코치 카터"
"3416","코코 샤넬"
"3417","코쿠리코 언덕에서"
"3418","코파카바나"
"3419","콘돌은 날아간다"
"3420","콘스탄트 가드너"
"3421","콘스탄틴"
"3422","콘트라밴드"
"3423","콜드 라잇 오브 데이"
"3424","콜드 마운틴"
"3425","콜드 워"
"3426","콜래트럴"
"3427","콜렉션"
"3428","콜렉터"
"3429","콜로니 : 지구 최후의 날"
"3430","콜롬비아나"
"3431","콜링 인 러브"
"3432","콤플렉스"
"3433","콩가네"
"3434","콰르텟"
"3435","콰이어트 룸에서 만나요"
"3436","콰이어트 맨"
"3437","쾌걸 조로리의 공룡알을 지켜라"
"3438","쾌걸 조로리의 대대대대모험"
"3439","쿠바의 연인"
"3440","쿨"
"3441","쿰바: 반쪽무늬 얼룩말의 대모험"
"3442","쿵푸 덩크"
"3443","쿵푸 팬더"
"3444","쿵푸 허슬"
"3445","쿵푸팬더 2"
"3446","쿵후팬더: 영웅의 탄생"
"3447","쿼바디스 도미네"
"3448","퀴즈왕"
"3449","퀵"
"3450","퀸 락 몬트리올"
"3451","퀸카로 살아남는 법"
"3452","퀼"
"3453","큐브 제로"
"3454","크래쉬"
"3455","크랙"
"3456","크레이지"
"3457","크레이지 샤크"
"3458","크레이지 하트"
"3459","크레이지 호스"
"3460","크로니클"
"3461","크로싱"
"3462","크로우즈 제로"
"3463","크루즈 패밀리"
"3464","크리스마스 별장"
"3465","크리스마스 스타!"
"3466","크리스마스 캐롤"
"3467","크리스마스에 기적을 만날 확률"
"3468","크림슨 리버2"
"3469","크립"
"3470","클라라"
"3471","클라우드"
"3472","클라우드 아틀라스"
"3473","클래스"
"3474","클럽 진주군"
"3475","클레멘타인"
"3476","클로버필드"
"3477","클로이"
"3478","클로저"
"3479","클로즈드 노트"
"3480","클리어링"
"3481","클릭"
"3482","클린"
"3483","클림트"
"3484","키다리 아저씨"
"3485","키리시마가 동아리활동 그만둔대"
"3486","키리쿠, 키리쿠"
"3487","키사라기 미키짱"
"3488","키스"
"3489","키친"
"3490","키핑 멈"
"3491","킥 애스 2 : 겁없는 녀석들"
"3492","킥 애스: 영웅의 탄생"
"3493","킥 오프"
"3494","킨제이 보고서"
"3495","킬 미"
"3496","킬 빌2"
"3497","킬러 엘리트"
"3498","킬러 인사이드 미"
"3499","킬러들의 도시"
"3500","킬러스"
"3501","킬링 소프틀리"
"3502","킬링시즌"
"3503","킬위드미"
"3504","킹 아더"
"3505","킹덤"
"3506","킹덤 오브 헤븐"
"3507","킹메이커"
"3508","킹스 스피치"
"3509","킹스 앤 퀸"
"3510","킹콩"
"3511","킹콩을 들다"
"3512","타운"
"3513","타워"
"3514","타워 하이스트"
"3515","타이드랜드"
"3516","타이머"
"3517","타이치0 3D"
"3518","타이치2 히어로"
"3519","타이탄"
"3520","타이탄의 분노"
"3521","타이페이 카페 스토리"
"3522","타인의 삶"
"3523","타인의 아내를 사랑하다"
"3524","타임 투 리브"
"3525","타임라인"
"3526","타임코드"
"3527","타잔 3D"
"3528","타짜"
"3529","탈주"
"3530","탐엣더팜"
"3531","탐욕의 제국"
"3532","탑 블레이드 더 무비"
"3533","태극권 : 무림7대고수전 "
"3534","태극기 휘날리며"
"3535","태아 3D"
"3536","태양의 노래"
"3537","태풍"
"3538","태풍태양"
"3539","택시 4"
"3540","택시 블루스"
"3541","택시: 더 멕시멈"
"3542","탱고 위드 미"
"3543","터널 3D"
"3544","터미널"
"3545","터미네이터 : 미래전쟁의 시작"
"3546","터미네이터 2 : 심판의 날 감독판"
"3547","터보"
"3548","터질거야"
"3549","터치"
"3550","터치 오브 라이트"
"3551","터치 오브 스파이스"
"3552","터키"
"3553","테드: 황금도시 파이티티를 찾아서"
"3554","테라 3D: 인류 최후의 전쟁"
"3555","테러라인"
"3556","테레사 팔머의 감금"
"3557","테레즈 라캥"
"3558","테르마이 로마이"
"3559","테이크 쉘터 "
"3560","테이크다운"
"3561","테이큰"
"3562","테이큰 2"
"3563","테이킹 라이브즈"
"3564","테이킹 우드스탁"
"3565","텍사스 전기톱 연쇄살인사건"
"3566","텍사스 전기톱 연쇄살인사건 : 0"
"3567","텐 미니츠 - 첼로"
"3568","텐텐"
"3569","텔레비전"
"3570","템페스트"
"3571","토끼와 거북이 패밀리가 떴다"
"3572","토끼와 리저드"
"3573","토너먼트"
"3574","토니 스토리: 깡통제국의 비밀"
"3575","토니 타키타니"
"3576","토르: 다크 월드"
"3577","토르: 마법망치의 전설"
"3578","토르: 천둥의 신"
"3579","토리노의 말"
"3580","토마스와 친구들 - 극장판"
"3581","토마스와 친구들 - 극장판 2"
"3582","토마스와 친구들 - 극장판 3"
"3583","토마스와 친구들: 블루마운틴 미스터리"
"3584","토스카"
"3585","토스카나 웨딩"
"3586","토이 스토리 3"
"3587","토일렛"
"3588","토탈 리콜"
"3589","토토의 움직이는 숲"
"3590","톡투미"
"3591","톨스토이의 마지막 인생"
"3592","톱스타"
"3593","통증"
"3594","통통한 혁명"
"3595","투 가이즈"
"3596","투 더 원더"
"3597","투 마더스"
"3598","투 브라더스"
"3599","투 아이즈"
"3600","투 올드 힙합 키드"
"3601","투 타이거"
"3602","투건스"
"3603","투명인간 그리프"
"3604","투모로우"
"3605","투사부일체"
"3606","투야의 결혼"
"3607","투어리스트"
"3608","투엘디케이"
"3609","투혼"
"3610","트라이앵글"
"3611","트랜센던스"
"3612","트랜스머신: 만테라"
"3613","트랜스아메리카"
"3614","트랜스포머"
"3615","트랜스포머 3"
"3616","트랜스포머: 사라진 시대"
"3617","트랜스포머: 패자의 역습"
"3618","트랜스포터-라스트 미션"
"3619","트랜스포터 엑스트림"
"3620","트랜짓"
"3621","트랩"
"3622","트러블 메이커"
"3623","트럭"
"3624","트로이"
"3625","트로픽 썬더 "
"3626","트론: 새로운 시작"
"3627","트루맛쇼"
"3628","트리 오브 라이프"
"3629","트리쉬나"
"3630","트리스탄과 이졸데"
"3631","트리플 X2 : 넥스트 레벨"
"3632","트릭스"
"3633","트와일라잇"
"3634","특수경찰: 스페셜 ID"
"3635","특수본"
"3636","티끌모아 로맨스"
"3637","티스"
"3638","티켓"
"3639","티토 황제의 자비"
"3640","틴틴 : 유니콘호의 비밀"
"3641","팅커 테일러 솔저 스파이"
"3642","파가니니: 악마의 바이올리니스트"
"3643","파괴된 사나이"
"3644","파괴자들"
"3645","파닥파닥"
"3646","파라노만"
"3647","파라노말 액티비티"
"3648","파라노말 액티비티 2"
"3649","파라노말 액티비티 3"
"3650","파라노말 액티비티4"
"3651","파라노말액티비티-도쿄나이트"
"3652","파라노이드 파크"
"3653","파라다이스"
"3654","파라다이스 러브"
"3655","파라다이스 키스"
"3656","파란자전거"
"3657","파랑주의보"
"3658","파르나서스 박사의 상상극장"
"3659","파르지팔"
"3660","파리 36의 기적"
"3661","파리 5구의 여인"
"3662","파리, 사랑한 날들"
"3663","파리에서"
"3664","파리의 도둑고양이"
"3665","파리의 연인들"
"3666","파송송 계란탁"
"3667","파수꾼"
"3668","파우스트"
"3669","파워레인저매직포스&트레저포스"
"3670","파이널 데스티네이션"
"3671","파이널 데스티네이션 4"
"3672","파이널 데스티네이션5"
"3673","파이널컷"
"3674","파이스토리"
"3675","파이스토리 : 악당상어 소탕작전"
"3676","파이어 : 테러와의 전쟁"
"3677","파이어 위드 파이어"
"3678","파이어스톰"
"3679","파이어월"
"3680","파이어프루프-사랑의 도전"
"3681","파이오니아"
"3682","파이터"
"3683","파주"
"3684","파코와 마법 동화책"
"3685","파파"
"3686","파파로티"
"3687","파퍼씨네 펭귄들"
"3688","파프리카"
"3689","판의 미로 - 오필리아와 세 개의 열쇠"
"3690","판타스틱 4: 실버 서퍼의 위협"
"3691","판타스틱 Mr. 폭스"
"3692","판타스틱 애니월드"
"3693","판타스틱 자살소동"
"3694","판타스틱 플래닛"
"3695","판타스틱4"
"3696","팔레르모 슈팅"
"3697","팔스타프"
"3698","팜므 파탈"
"3699","패밀리 S다이어리"
"3700","패션 오브 크라이스트"
"3701","패션, 위험한 열정"
"3702","패솔로지"
"3703","패스트 앤 퓨리어스 도쿄 드리프트"
"3704","패스트푸드 네이션"
"3705","패시파이어"
"3706","팩토리 걸 "
"3707","팬도럼"
"3708","팬텀: 라스트 커맨더"
"3709","팻 걸"
"3710","퍼"
"3711","퍼니 게임"
"3712","퍼니셔"
"3713","퍼머넌트 노바라"
"3714","퍼블릭 에너미"
"3715","퍼블릭 에너미 넘버원"
"3716","퍼스널 이펙츠"
"3717","퍼스트 그레이더"
"3718","퍼스트 어벤져"
"3719","퍼스트 포지션"
"3720","퍼시 잭슨과 괴물의 바다"
"3721","퍼시 잭슨과 번개 도둑"
"3722","퍼시픽 림"
"3723","퍼시픽 모비딕"
"3724","퍼펙트"
"3725","퍼펙트 게임"
"3726","퍼펙트 겟어웨이"
"3727","퍼펙트 블루"
"3728","퍼펙트 센스"
"3729","퍼펙트 스트레인저"
"3730","퍼펙트 웨딩(몬스터 인 로)"
"3731","퍼햅스 러브"
"3732","펀치레이디"
"3733","펄스"
"3734","페넬로피"
"3735","페르세폴리스"
"3736","페르소나"
"3737","페르시아의 왕자: 시간의 모래"
"3738","페스티발"
"3739","페어러브"
"3740","페어리"
"3741","페어리테일: 봉황의 무녀"
"3742","페어웰, 마이 퀸"
"3743","페이머스 파이브 : 키린섬의 비밀"
"3744","페이스"
"3745","페이스 블라인드"
"3746","페이스 오브 러브"
"3747","페이스메이커"
"3748","페이지 터너"
"3749","페이첵"
"3750","페이퍼보이: 사형수의 편지"
"3751","페인리스"
"3752","페인터"
"3753","페인트볼"
"3754","페인티드 베일"
"3755","페임"
"3756","페티쉬"
"3757","펜트하우스 코끼리"
"3758","펠햄 123"
"3759","펭귄 - 위대한 모험(다큐)"
"3760","평범한 날들"
"3761","평양성"
"3762","평행이론"
"3763","폐가"
"3764","포 미니츠"
"3765","포가튼"
"3766","포가튼 : 잊혀진 소녀"
"3767","포도나무를 베어라"
"3768","포르노 메이커"
"3769","포르노 아티스트"
"3770","포르노그래픽 러브"
"3771","포비든 킹덤:전설의 마스터를 찾아서"
"3772","포세이돈"
"3773","포스 카인드"
"3774","포스터"
"3775","포인트 블랭크"
"3776","포켓 몬스터 DP: 아르세우스 초극의 시공으로"
"3777","포켓몬 레인저와 바다의 왕자 마나피"
"3778","포화속으로"
"3779","포화속의 우정"
"3780","폭력써클"
"3781","폭력의 역사"
"3782","폭스파이어"
"3783","폭풍우 치는 밤에: 비밀 친구"
"3784","폭풍의 언덕"
"3785","폭풍전야"
"3786","폴 다이어리"
"3787","폴라 익스프레스"
"3788","폴리스 비트"
"3789","폴리스 스토리 2014"
"3790","폴리와 함께"
"3791","폼페이: 최후의 날"
"3792","폼포코 너구리 대작전"
"3793","표적"
"3794","푸른 강은 흘러라"
"3795","푸른 눈의 평양 시민"
"3796","푸른 수염"
"3797","푸른소금"
"3798","푸셔: 파이널 프로젝트"
"3799","푸시"
"3800","푸치니 초급과정"
"3801","푸치니의 여인"
"3802","풍경"
"3803","풍산개"
"3804","풍운결"
"3805","퓨어"
"3806","프라미스드 랜드 "
"3807","프라이버시"
"3808","프라이스리스"
"3809","프라임 러브"
"3810","프락치"
"3811","프란시스 하"
"3812","프란체스카 다 리미니"
"3813","프란체스코와 교황"
"3814","프랑스 다이어리"
"3815","프랑켄슈타인: 불멸의 영웅"
"3816","프랑켄위니"
"3817","프레데터스"
"3818","프레디 대 제이슨-13일의 금요일11"
"3819","프레리 홈 컴패니언"
"3820","프레셔스"
"3821","프레스티지"
"3822","프렌즈 위드 베네핏"
"3823","프렌즈: 몬스터섬의비밀 3D"
"3824","프로듀서스"
"3825","프로메테우스"
"3826","프로스트 VS 닉슨"
"3827","프로젝트 님"
"3828","프로즌 그라운드"
"3829","프로포즈"
"3830","프로포즈 데이"
"3831","프롬 파리 위드 러브"
"3832","프리덤랜드"
"3833","프리버즈: 밍쿠와 찌아의 도시 대탈출"
"3834","프리스트"
"3835","프리즈 프레임"
"3836","프리즈너스"
"3837","프리키 프라이데이"
"3838","프린세스 다이어리 2"
"3839","프린세스 사쿠라"
"3840","프린스 이고르"
"3841","플라스틱 시티"
"3842","플라워즈"
"3843","플라이 대디"
"3844","플라이 미 투 더 문"
"3845","플라이트"
"3846","플라이트 플랜"
"3847","플라이트93"
"3848","플라잉 머신 3D"
"3849","플래닛 51"
"3850","플래닛 비보이"
"3851","플래닛 테러"
"3852","플래티나 데이터"
"3853","플랜 B"
"3854","플랜맨"
"3855","플러쉬"
"3856","플레이"
"3857","플레이스 비욘드 더 파인즈"
"3858","플루토에서 아침을"
"3859","피구의 제왕"
"3860","피끓는 청춘"
"3861","피나"
"3862","피나 바우쉬의 댄싱 드림즈"
"3863","피노키오: 당나귀 섬의 비밀"
"3864","피닉스"
"3865","피라냐"
"3866","피라냐 3DD"
"3867","피부색깔=꿀색"
"3868","피쉬 스토리"
"3869","피쉬와 칩스 극장판"
"3870","피아노, 솔로"
"3871","피아노의 숲"
"3872","피에타"
"3873","피오릴레"
"3874","피와 뼈"
"3875","피의 만우절"
"3876","피치 퍼펙트"
"3877","피카소: 명작스캔들"
"3878","피터 팬"
"3879","피터팬의 공식"
"3880","피파 리의 특별한 로맨스"
"3881","피해자들"
"3882","필로미나의 기적"
"3883","필름 소셜리즘"
"3884","필립모리스"
"3885","필스"
"3886","핑크"
"3887","핑크 팬더"
"3888","하나"
"3889","하나안"
"3890","하나와 앨리스"
"3891","하녀"
"3892","하늘과 바다"
"3893","하늘에서 음식이 내린다면"
"3894","하늘에서 음식이 내린다면 2"
"3895","하늘을 나는 강아지, 비포와 친구들"
"3896","하늘이 보내준 딸"
"3897","하드데이"
"3898","하루"
"3899","하류인생"
"3900","하리수의 도색"
"3901","하모니"
"3902","하바나 블루스"
"3903","하비의 마지막 로맨스"
"3904","하쉬 타임"
"3905","하얀 아오자이"
"3906","하얀 정글"
"3907","하얀리본"
"3908","하와이언 레시피"
"3909","하우 투 루즈 프렌즈"
"3910","하우 투 비"
"3911","하우스 오브 왁스"
"3912","하울링"
"3913","하울의 움직이는 성"
"3914","하이 레인"
"3915","하이 스쿨 뮤지컬: 졸업반"
"3916","하이자오 7번지"
"3917","하이프 네이션 : 힙합사기꾼"
"3918","하이힐"
"3919","하이힐(디렉터스컷)"
"3920","하이힐을 신고 달리는 여자"
"3921","하치 이야기"
"3922","하쿠나 마타타 - 지라니 이야기"
"3923","하트 브레이커"
"3924","하트 비트"
"3925","하트브레이크 호텔"
"3926","하프 라이트"
"3927","하프웨이"
"3928","하하하"
"3929","학교 가는 길"
"3930","한 번도 안 해본 여자"
"3931","한경직"
"3932","한공주"
"3933","한길수"
"3934","한나"
"3935","한나를 위한 소나타"
"3936","한니발 라이징"
"3937","한반도"
"3938","할"
"3939","할람 포"
"3940","할로우맨 2"
"3941","할로윈:살인마의 탄생"
"3942","할리우드 폭로전"
"3943","할매꽃"
"3944","할머니는 일학년"
"3945","해결사"
"3946","해로 (偕老)"
"3947","해리 포터와 불사조 기사단"
"3948","해리 포터와 죽음의 성물1"
"3949","해리 포터와 혼혈 왕자"
"3950","해리포터와 불의 잔"
"3951","해리포터와 아즈카반의 죄수"
"3952","해리포터와 죽음의 성물2"
"3953","해무(海霧)"
"3954","해밀턴2: 살인면허"
"3955","해바라기"
"3956","해변의 여인"
"3957","해부학 교실"
"3958","해양경찰 마르코"
"3959","해운대"
"3960","해적: 바다로 간 산적"
"3961","해프닝"
"3962","해피 고 럭키"
"3963","해피 이벤트 "
"3964","해피 플라이트"
"3965","해피 피트"
"3966","해피 피트 2"
"3967","해피 해피 브레드"
"3968","해피엔딩 네버엔딩"
"3969","해피엔딩 프로젝트"
"3970","핸드폰"
"3971","핸콕"
"3972","행복"
"3973","행복을 찾아서"
"3974","행복한 사전"
"3975","행복한 엠마 행복한 돼지 그리고 남자"
"3976","행복한 울릉인"
"3977","행오버 2"
"3978","행운을 돌려줘!"
"3979","향수 : 어느 살인자의 이야기"
"3980","허니"
"3981","허니 "
"3982","허니와 클로버"
"3983","허밍"
"3984","허브"
"3985","허블 3D"
"3986","허비"
"3987","허스"
"3988","허큘리스"
"3989","허트 로커"
"3990","허풍"
"3991","헌티드"
"3992","헌티드 맨션"
"3993","헐리우드 엔딩"
"3994","헝거게임: 캣칭 파이어"
"3995","헝거게임: 판엠의 불꽃"
"3996","헤드"
"3997","헤라클레스 : 레전드 비긴즈"
"3998","헤어드레서"
"3999","헤어스프레이"
"4000","헤이와이어"
"4001","헤이츠"
"4002","헤이트 발렌타인데이"
"4003","헤저드"
"4004","헨리스 크라임"
"4005","헨젤과 그레텔"
"4006","헨젤과 그레텔: 마녀 사냥꾼 3D"
"4007","헬로우 고스트"
"4008","헬로우 마이 러브"
"4009","헬벤더스: 최후의 성전"
"4010","헬보이"
"4011","헬보이 2 : 골든 아미"
"4012","헬터 스켈터"
"4013","헬프"
"4014","헷지"
"4015","혈의 누"
"4016","혈적자: 황제암살단"
"4017","혈투"
"4018","혐오스런 마츠코의 일생"
"4019","형사; Duelist"
"4020","혜화, 동"
"4021","호기심이 고양이를 죽인다"
"4022","호두까기인형 3D"
"4023","호랑이와 눈"
"4024","호로비츠를 위하여"
"4025","호박전"
"4026","호비와 쿠우의 어드벤처 : 고래의 노래"
"4027","호비와 후후의 대모험: 무지개꽃을 구하라"
"4028","호빗: 뜻밖의 여정"
"4029","호빗: 스마우그의 폐허"
"4030","호세마리아 신부의 길"
"4031","호스텔"
"4032","호스트"
"4033","호스티지"
"4034","호우시절"
"4035","호타루의 빛"
"4036","호텔 르완다"
"4037","호텔 비너스"
"4038","호튼"
"4039","호프 스프링즈"
"4040","혹성탈출: 반격의 서막"
"4041","혹성탈출: 진화의 시작"
"4042","홀리"
"4043","홀리 마운틴"
"4044","홀리 모터스"
"4045","홀리데이"
"4046","홈"
"4047","홈프론트-가족을 지켜라"
"4048","홈프론트-하드액션"
"4049","홍길동 2084"
"4050","홍길동의 후예"
"4051","화려한 외출"
"4052","화려한 휴가"
"4053","화룡대결"
"4054","화성아이, 지구아빠"
"4055","화씨 911"
"4056","화양: 당대최고수전"
"4057","화이: 괴물을 삼킨 아이"
"4058","화이트 고릴라"
"4059","화이트 노이즈"
"4060","화이트 스완"
"4061","화이트 스톰"
"4062","화이트 칙스"
"4063","화이트 타이거: 최강전차군단"
"4064","화이트 하우스 다운"
"4065","화이트: 저주의 멜로디"
"4066","화이팅 패밀리"
"4067","화차"
"4068","화창한 그날들"
"4069","화피"
"4070","화피 2"
"4071","환상속의 그대"
"4072","환상의 그대"
"4073","환생"
"4074","환타스틱 모던가야그머"
"4075","활"
"4076","황금 나침반"
"4077","황금시대"
"4078","황금을 안고 튀어라"
"4079","황당한 외계인: 폴"
"4080","황색 눈물"
"4081","황시"
"4082","황야의 마니투"
"4083","황제를 위하여"
"4084","황제펭귄 펭이와 솜이"
"4085","황진이"
"4086","황해"
"4087","황혼의 빛"
"4088","황혼의 사무라이"
"4089","황후화"
"4090","회복"
"4091","회사원"
"4092","회오리 바람"
"4093","회초리"
"4094","효자동 이발사"
"4095","후궁 : 제왕의 첩"
"4096","후세: 말하지 못한 내 사랑"
"4097","후회하지 않아"
"4098","훈장과 악동들"
"4099","훌라걸스"
"4100","훌리오와 에밀리아"
"4101","휴고"
"4102","휴먼 스테인"
"4103","흑심모녀"
"4104","흑협 2"
"4105","흔들리는 구름"
"4106","흡혈형사 나도열"
"4107","희망의 별 - 이퀘지레템바"
"4108","히노키오"
"4109","히달고"
"4110","히든"
"4111","히든 카드"
"4112","히든서스펙트"
"4113","히말라야, 바람이 머무는 곳"
"4114","히스테리아"
"4115","히어 앤 데어"
"4116","히어로"
"4117","히어애프터"
"4118","히트"
"4119","히트맨"
"4120","히트맨 NO.2 : 살인면허"
"4121","힘내세요, 병헌씨"
"4122","힛쳐"
